ticketKey,ticketSummary,ticketAssignee,ticketCreated,ticketResolutionDate,ticketLabels,isDirect,commitSha,commitRepo,commitDate,commitAuthorName,commitSubject,codeSimilarity,rankByCodeSimilarity,msAuthorScore,msDateScore,msKeywordScore,msComposite,priorTier,finalScore,inPriorCandidates
CX-2525,Browser compatibility issue: SSO buttons remain in loading state when navigating back during authentication in Firefox,rameshpr,2026-01-09T12:21:26.231+0530,2026-06-15T15:11:27.197+0530,,TRUE,1244ffe10f91d337277a9019d74c5df0de8e244f,Connexus-inc/connexus-web-client,2026-04-28T16:04:16+05:30,Ramesh P R,fix: sso fix - browser compatability issue,0.5926,1,0.0,0.0,0.0,0.0,,0.2963,
CX-2525,Browser compatibility issue: SSO buttons remain in loading state when navigating back during authentication in Firefox,rameshpr,2026-01-09T12:21:26.231+0530,2026-06-15T15:11:27.197+0530,,TRUE,dbb5ed42913fb81debfecea9f89dc79935fdd37e,Connexus-inc/connexus-web-client,2026-04-28T18:27:12+05:30,varunw92,Merge pull request #2021 from Connexus-inc/fix/cx-2525,0.4402,2,0.0,0.0,0.0,0.0,,0.2201,
CX-2525,Browser compatibility issue: SSO buttons remain in loading state when navigating back during authentication in Firefox,rameshpr,2026-01-09T12:21:26.231+0530,2026-06-15T15:11:27.197+0530,,TRUE,0bca12a53d71d4f89b6a49b7ce97f6fdd3bc5c90,Connexus-inc/connexus-web-client,2026-04-28T23:39:36+05:30,Varun Wilson,feat(authentication): add cross-tab session sync for login and logout,0.4161,3,0.0,0.0,0.0,0.0,,0.208,
CX-2525,Browser compatibility issue: SSO buttons remain in loading state when navigating back during authentication in Firefox,rameshpr,2026-01-09T12:21:26.231+0530,2026-06-15T15:11:27.197+0530,,TRUE,d21ee4064d51487d237d3e1555489c101e57d415,Connexus-inc/connexus-web-client,2026-04-11T02:02:13+05:30,Vysakh R J,fix: added more urls for google signin,0.3926,4,0.0,0.0,0.0,0.0,,0.1963,
CX-2525,Browser compatibility issue: SSO buttons remain in loading state when navigating back during authentication in Firefox,rameshpr,2026-01-09T12:21:26.231+0530,2026-06-15T15:11:27.197+0530,,TRUE,21ecb25737641485003a4434ecbc61895fd40b0e,Connexus-inc/connexus-web-client,2026-02-27T11:03:26+05:30,varunw92,Merge pull request #1779 from Connexus-inc/fix-google-signin-stage-issue,0.3909,5,0.0,0.0,0.0,0.0,,0.1954,
CX-2525,Browser compatibility issue: SSO buttons remain in loading state when navigating back during authentication in Firefox,rameshpr,2026-01-09T12:21:26.231+0530,2026-06-15T15:11:27.197+0530,,TRUE,edc9a9620e6f69206873f8832864ca4b7b667314,Connexus-inc/connexus-web-client,2026-02-25T22:41:55+05:30,Vysakh R J,feat: added loader for signup microsoft,0.3736,6,0.0,0.0,0.0,0.0,,0.1868,
CX-2525,Browser compatibility issue: SSO buttons remain in loading state when navigating back during authentication in Firefox,rameshpr,2026-01-09T12:21:26.231+0530,2026-06-15T15:11:27.197+0530,,TRUE,e3422237a428d0c8994c9cfd9dd4527f05e22f43,Connexus-inc/connexus-web-client,2026-03-19T15:25:17+05:30,rakhesh.j,fix(esign): open button loading issue fix in audit trail page,0.3694,7,0.0,0.0,0.0,0.0,,0.1847,
CX-2525,Browser compatibility issue: SSO buttons remain in loading state when navigating back during authentication in Firefox,rameshpr,2026-01-09T12:21:26.231+0530,2026-06-15T15:11:27.197+0530,,TRUE,d1800acf96f60d554c4a0ae41d944455439a8907,Connexus-inc/connexus-web-client,2026-04-11T01:38:17+05:30,Vysakh R J,fix: added more urls for google signin,0.3685,8,0.0,0.0,0.0,0.0,,0.1842,
CX-2734,System Breaks on Edit After Completing Pending Insurance Upload,Shini,2026-02-05T00:22:05.930+0530,2026-06-18T10:52:57.397+0530,PropertyInsurance,,8d099d3b0370f3fdf6852b8dec10ab1761331926,Connexus-inc/connexus-web-api,2026-01-19T12:59:01+05:30,Varun Wilson,fix: permission removed for property insurance module,0.6113,1,0.0,0.0,0.0,0.0,,0.3057,
CX-2734,System Breaks on Edit After Completing Pending Insurance Upload,Shini,2026-02-05T00:22:05.930+0530,2026-06-18T10:52:57.397+0530,PropertyInsurance,,4c1ad9e2edce3f152daad40391dfbe19465e3b9c,Connexus-inc/connexus-web-api,2026-01-19T12:59:01+05:30,Varun Wilson,fix: permission removed for property insurance module,0.6113,2,0.0,0.0,0.0,0.0,,0.3057,
CX-2734,System Breaks on Edit After Completing Pending Insurance Upload,Shini,2026-02-05T00:22:05.930+0530,2026-06-18T10:52:57.397+0530,PropertyInsurance,,c0a5d0390bcad61dbe9e7638c16eab8bda3b7666,Connexus-inc/connexus-web-client,2026-02-03T14:12:37+05:30,varunw92,Merge pull request #1615 from Connexus-inc/feat/ppt_insurance_mock_ui_update,0.5978,3,0.0,0.0,0.0,0.0,,0.2989,
CX-2734,System Breaks on Edit After Completing Pending Insurance Upload,Shini,2026-02-05T00:22:05.930+0530,2026-06-18T10:52:57.397+0530,PropertyInsurance,,0b37a201b6bb66d187417c33eee941a90447fcb6,Connexus-inc/connexus-web-client,2026-02-25T13:02:26+05:30,varunw92,Merge pull request #1751 from Connexus-inc/fix/ppty_insurance_updates,0.5909,4,0.0,0.0,0.0,0.0,,0.2954,
CX-2734,System Breaks on Edit After Completing Pending Insurance Upload,Shini,2026-02-05T00:22:05.930+0530,2026-06-18T10:52:57.397+0530,PropertyInsurance,,bc916988158a65bb91861ec59167c4ef44160b9b,Connexus-inc/connexus-web-client,2026-02-11T15:32:01+05:30,rakhesh.j,fix(property): preview edit modal added in property insurance upload process,0.5853,5,0.0,0.0,0.0,0.0,,0.2927,
CX-2734,System Breaks on Edit After Completing Pending Insurance Upload,Shini,2026-02-05T00:22:05.930+0530,2026-06-18T10:52:57.397+0530,PropertyInsurance,,13dfbdcace50e2ea81e2f50288b3acca92af300c,Connexus-inc/connexus-web-api,2026-02-04T00:43:08+05:30,Varun Wilson,fix: insurance expiry status change logic updated,0.5737,6,0.0,0.0,0.0,0.0,,0.2868,
CX-2734,System Breaks on Edit After Completing Pending Insurance Upload,Shini,2026-02-05T00:22:05.930+0530,2026-06-18T10:52:57.397+0530,PropertyInsurance,,1ef2ea0c4db8873ab9401757d04d14eb17442ee2,Connexus-inc/connexus-web-client,2026-02-20T17:48:27+05:30,Ramesh P R,fix: updated with the policy limit,0.5728,7,0.0,0.0,0.0,0.0,,0.2864,
CX-2734,System Breaks on Edit After Completing Pending Insurance Upload,Shini,2026-02-05T00:22:05.930+0530,2026-06-18T10:52:57.397+0530,PropertyInsurance,,6ab2836debe3c66b72fd2dda1fe6cfa7a90a78cd,Connexus-inc/connexus-web-client,2026-05-05T15:05:31+05:30,varunw92,Merge pull request #2047 from Connexus-inc/fix/ppty_insurance_updates,0.5665,8,0.0,0.0,0.0,0.0,,0.2832,
CX-2983,Property Bulk CSV upload,Heather Moore,2026-03-13T19:26:59.858+0530,2026-05-18T10:34:58.764+0530,,,709b01e42f3cdabe08de6086ea86d1c8bc4ddab0,Connexus-inc/connexus-web-client,2026-04-08T10:41:25+05:30,rakhesh.j,feat(property): csv upload api integrations added,0.5121,8,0.0,1.0,0.75,0.5,soft,0.5061,TRUE
CX-2983,Property Bulk CSV upload,Heather Moore,2026-03-13T19:26:59.858+0530,2026-05-18T10:34:58.764+0530,,,a0495330086d5068cee8affafe1f35a77b9757a5,Connexus-inc/connexus-web-api,2026-04-24T11:15:32+05:30,ajaydev,fix: failure reason remove,0.5655,1,0.0,0.0,0.0,0.0,,0.2827,
CX-2983,Property Bulk CSV upload,Heather Moore,2026-03-13T19:26:59.858+0530,2026-05-18T10:34:58.764+0530,,,5037739e71ca602c6fa68a130e3f794d90f0ccbf,Connexus-inc/connexus-web-api,2026-04-06T13:38:21+05:30,ajaydev,feat: propety upload validation,0.5629,2,0.0,0.0,0.0,0.0,,0.2815,
CX-2983,Property Bulk CSV upload,Heather Moore,2026-03-13T19:26:59.858+0530,2026-05-18T10:34:58.764+0530,,,9ba61c8f06dbbb55940808851878b961a87d963b,Connexus-inc/connexus-web-client,2026-04-09T12:36:41+05:30,rakhesh.j,feat(property): csv upload api integrations added,0.5275,3,0.0,0.0,0.0,0.0,,0.2637,
CX-2983,Property Bulk CSV upload,Heather Moore,2026-03-13T19:26:59.858+0530,2026-05-18T10:34:58.764+0530,,,45abca4cdbdab7f285d86a684a67b6d49fb57d16,Connexus-inc/connexus-web-client,2026-05-05T17:02:27+05:30,varunw92,Merge pull request #2050 from Connexus-inc/feat/property-tab-csv-upload,0.5208,4,0.0,0.0,0.0,0.0,,0.2604,
CX-2983,Property Bulk CSV upload,Heather Moore,2026-03-13T19:26:59.858+0530,2026-05-18T10:34:58.764+0530,,,479ed54d7cab4cd016cea7fcb4eaed0986d73401,Connexus-inc/connexus-web-api,2026-04-08T10:40:08+05:30,ajaydev,feat: add search in property list,0.5204,5,0.0,0.0,0.0,0.0,,0.2602,
CX-2983,Property Bulk CSV upload,Heather Moore,2026-03-13T19:26:59.858+0530,2026-05-18T10:34:58.764+0530,,,1f87f72e168c34ecaf27817f30fbfb02db0deb11,Connexus-inc/connexus-web-client,2026-04-09T10:44:00+05:30,rakhesh.j,feat(property): csv upload api integrations added,0.5199,6,0.0,0.0,0.0,0.0,,0.26,
CX-2983,Property Bulk CSV upload,Heather Moore,2026-03-13T19:26:59.858+0530,2026-05-18T10:34:58.764+0530,,,0e77ea16b53b02c0387a2e1b6ecdc467aaabefbb,Connexus-inc/connexus-web-client,2026-04-09T12:37:25+05:30,rakhesh.j,feat(property): csv upload api integrations added,0.5134,7,0.0,0.0,0.0,0.0,,0.2567,
CX-3146,Vendor Compliance workflow for Sole Proprietor company type,Varun Wilson,2026-04-09T10:16:38.691+0530,2026-06-15T19:35:10.966+0530,,,edd30b04be268faaf6e7dd8aa673f6b4fb64f056,Connexus-inc/connexus-web-client,2026-06-10T12:58:34+05:30,rakhesh.j,feat(venor-compliance): retry form added for tax id failed also,0.5639,1,0.0,0.0,0.0,0.0,,0.282,
CX-3146,Vendor Compliance workflow for Sole Proprietor company type,Varun Wilson,2026-04-09T10:16:38.691+0530,2026-06-15T19:35:10.966+0530,,,4bf676d77586d2ac90459b6a7cd4dab5a88e7f85,Connexus-inc/connexus-web-client,2026-05-28T00:43:33+05:30,rakhesh.j,feat(venor-compliance): vendor verification api integrations added dev test pending,0.4667,2,0.0,0.0,0.0,0.0,,0.2333,
CX-3146,Vendor Compliance workflow for Sole Proprietor company type,Varun Wilson,2026-04-09T10:16:38.691+0530,2026-06-15T19:35:10.966+0530,,,9ca75002390fb0c59a3109271e8dd34f89d2a046,Connexus-inc/connexus-web-client,2026-05-29T16:12:22+05:30,rakhesh.j,feat(venor-compliance): vendor verification api integrations completed,0.4651,3,0.0,0.0,0.0,0.0,,0.2326,
CX-3146,Vendor Compliance workflow for Sole Proprietor company type,Varun Wilson,2026-04-09T10:16:38.691+0530,2026-06-15T19:35:10.966+0530,,,91bfa9bea9104aa86038d731409e9c81b37565f2,Connexus-inc/connexus-web-api,2026-02-27T00:24:07+05:30,Raoof,"feat: implement SSO vendor registration flow for Microsoft logins, including new DTO fields and service logic to link vendors and provision Cognito users",0.4558,4,0.0,0.0,0.0,0.0,,0.2279,
CX-3146,Vendor Compliance workflow for Sole Proprietor company type,Varun Wilson,2026-04-09T10:16:38.691+0530,2026-06-15T19:35:10.966+0530,,,31622e0b118de4ed9d93010c5208bbf1b3bce7fd,Connexus-inc/connexus-web-api,2026-06-22T13:33:11+05:30,Vysakh R J,feat: compliance exemption migration,0.4552,5,0.0,0.0,0.0,0.0,,0.2276,
CX-3146,Vendor Compliance workflow for Sole Proprietor company type,Varun Wilson,2026-04-09T10:16:38.691+0530,2026-06-15T19:35:10.966+0530,,,502ba517c8719a3811f58b0c6b1cdcf4f44ddfb5,Connexus-inc/connexus-web-client,2026-06-02T17:56:28+05:30,rakhesh.j,feat(venor-compliance): pr comments changes,0.4522,6,0.0,0.0,0.0,0.0,,0.2261,
CX-3146,Vendor Compliance workflow for Sole Proprietor company type,Varun Wilson,2026-04-09T10:16:38.691+0530,2026-06-15T19:35:10.966+0530,,,f8f4c90c3ef0813aefad63c914d93ffb2cca8375,Connexus-inc/connexus-web-api,2026-06-23T11:14:29+05:30,Vysakh R J,fix: migration drift resolving,0.4473,7,0.0,0.0,0.0,0.0,,0.2236,
CX-3146,Vendor Compliance workflow for Sole Proprietor company type,Varun Wilson,2026-04-09T10:16:38.691+0530,2026-06-15T19:35:10.966+0530,,,65971139021890fad7f4161e41903cc56b297f90,Connexus-inc/connexus-web-client,2026-05-26T23:57:26+05:30,rakhesh.j,feat(venor-compliance): vendor compliance verification pages ui - api integration pending,0.4219,8,0.0,0.0,0.0,0.0,,0.211,
CX-3159,Unable to Delete Contract Template from Client Account,Vysakh R J,2026-04-11T00:58:32.785+0530,2026-05-18T11:28:53.345+0530,ESign,,80dfd3706f8ac34085581f0a580532879def6272,Connexus-inc/connexus-web-api,2026-04-11T01:06:48+05:30,Vysakh R J,fix: doc template delete for client user,0.6392,1,1.0,1.0,1.0,0.95,strong,0.7946,TRUE
CX-3159,Unable to Delete Contract Template from Client Account,Vysakh R J,2026-04-11T00:58:32.785+0530,2026-05-18T11:28:53.345+0530,ESign,,6e3d325e44bdfcf93919ce3c764fe856b9baec35,Connexus-inc/connexus-web-api,2026-04-11T01:10:40+05:30,Vysakh R J,Merge pull request #1858 from Connexus-inc/fix-delete-permission-for-doctemplates-client,0.6296,2,0.0,0.0,0.0,0.0,,0.3148,
CX-3159,Unable to Delete Contract Template from Client Account,Vysakh R J,2026-04-11T00:58:32.785+0530,2026-05-18T11:28:53.345+0530,ESign,,8d099d3b0370f3fdf6852b8dec10ab1761331926,Connexus-inc/connexus-web-api,2026-01-19T12:59:01+05:30,Varun Wilson,fix: permission removed for property insurance module,0.4734,3,0.0,0.0,0.0,0.0,,0.2367,
CX-3159,Unable to Delete Contract Template from Client Account,Vysakh R J,2026-04-11T00:58:32.785+0530,2026-05-18T11:28:53.345+0530,ESign,,4c1ad9e2edce3f152daad40391dfbe19465e3b9c,Connexus-inc/connexus-web-api,2026-01-19T12:59:01+05:30,Varun Wilson,fix: permission removed for property insurance module,0.4734,4,0.0,0.0,0.0,0.0,,0.2367,
CX-3159,Unable to Delete Contract Template from Client Account,Vysakh R J,2026-04-11T00:58:32.785+0530,2026-05-18T11:28:53.345+0530,ESign,,d83e64a1ad7822e07e933b46e46958b171f03f7e,Connexus-inc/connexus-web-api,2026-03-11T12:32:49+05:30,Vysakh RJ,fix: reverted permission for now,0.4573,5,0.0,0.0,0.0,0.0,,0.2287,
CX-3159,Unable to Delete Contract Template from Client Account,Vysakh R J,2026-04-11T00:58:32.785+0530,2026-05-18T11:28:53.345+0530,ESign,,d4b5f44ae109eaf6f755a570539e5cf3167568b5,Connexus-inc/connexus-web-api,2026-03-11T12:37:17+05:30,basimneoito,Merge pull request #1715 from Connexus-inc/fix-permission-for-templates,0.4305,6,0.0,0.0,0.0,0.0,,0.2153,
CX-3159,Unable to Delete Contract Template from Client Account,Vysakh R J,2026-04-11T00:58:32.785+0530,2026-05-18T11:28:53.345+0530,ESign,,11307f14d60c1f8ba6d4094a26abe03bf14f7f27,Connexus-inc/connexus-web-client,2026-03-06T15:11:57+05:30,Ramesh P R,fix: refactored the baseTabe in clientTab component,0.4098,7,0.0,0.0,0.0,0.0,,0.2049,
CX-3159,Unable to Delete Contract Template from Client Account,Vysakh R J,2026-04-11T00:58:32.785+0530,2026-05-18T11:28:53.345+0530,ESign,,8d72a5d63c45cee8cd31b3e68efb1a353bae3af3,Connexus-inc/connexus-web-api,2026-01-29T14:50:20+05:30,Varun Wilson,fix: delete insurance policy api,0.4031,8,0.0,0.0,0.0,0.0,,0.2016,
CX-3162,[TRELLO] Updated email Notification Templates & Removal of Global Footer - HOT FIX,Nisha C N,2026-04-16T10:55:53.176+0530,2026-06-16T10:46:39.263+0530,TrelloTickets,,57db8d2dba3db5e2a865e6963bb29a99e48361ab,Connexus-inc/connexus-web-api,2026-06-11T12:54:44+05:30,ajaydev,fix: email template footer,0.644,2,0.0,1.0,0.375,0.425,speculative,0.5345,TRUE
CX-3162,[TRELLO] Updated email Notification Templates & Removal of Global Footer - HOT FIX,Nisha C N,2026-04-16T10:55:53.176+0530,2026-06-16T10:46:39.263+0530,TrelloTickets,,606139a7db4eb0b5b401e778f669225473be7b3b,Connexus-inc/connexus-web-api,2026-01-15T11:25:31+05:30,Raoof,feat: refactor email template layouts and styling for improved responsiveness and consistency across all notification types,0.6894,1,0.0,0.0,0.0,0.0,,0.3447,
CX-3162,[TRELLO] Updated email Notification Templates & Removal of Global Footer - HOT FIX,Nisha C N,2026-04-16T10:55:53.176+0530,2026-06-16T10:46:39.263+0530,TrelloTickets,,daa9c315fb1b48c328ae3120df37aaebe3fb5efc,Connexus-inc/connexus-web-client,2026-02-26T12:00:39+05:30,rakhesh.j,fix(template): user inviation email template changes,0.628,3,0.0,0.0,0.0,0.0,,0.314,
CX-3162,[TRELLO] Updated email Notification Templates & Removal of Global Footer - HOT FIX,Nisha C N,2026-04-16T10:55:53.176+0530,2026-06-16T10:46:39.263+0530,TrelloTickets,,1d1068be7e14cc74afc98f9b770e2e0fde2cd41e,Connexus-inc/connexus-web-client,2026-02-26T11:33:04+05:30,rakhesh.j,fix(template): user inviation email template changes,0.5893,4,0.0,0.0,0.0,0.0,,0.2947,
CX-3162,[TRELLO] Updated email Notification Templates & Removal of Global Footer - HOT FIX,Nisha C N,2026-04-16T10:55:53.176+0530,2026-06-16T10:46:39.263+0530,TrelloTickets,,7830a0aa21189184361c63461ba7a6125335ea9f,Connexus-inc/connexus-web-api,2026-02-18T17:01:46+05:30,Raoof,fix: ensure consistent link styling in email templates by adding `!important` to color and text-decoration properties,0.5876,5,0.0,0.0,0.0,0.0,,0.2938,
CX-3162,[TRELLO] Updated email Notification Templates & Removal of Global Footer - HOT FIX,Nisha C N,2026-04-16T10:55:53.176+0530,2026-06-16T10:46:39.263+0530,TrelloTickets,,ed1ebb75328186b29a7002829e1084108c26fb42,Connexus-inc/connexus-web-api,2026-02-17T14:29:39+05:30,Raoof,feat: add new email templates for basic and auto-renew contract expiration notifications and update template configuration,0.5629,6,0.0,0.0,0.0,0.0,,0.2815,
CX-3162,[TRELLO] Updated email Notification Templates & Removal of Global Footer - HOT FIX,Nisha C N,2026-04-16T10:55:53.176+0530,2026-06-16T10:46:39.263+0530,TrelloTickets,,ec52831ac2bc4ebe835f9da3419f15d66ab977ba,Connexus-inc/connexus-web-api,2026-01-15T15:30:30+05:30,Raoof,refactor: improve email template rendering and compatibility by switching to table layouts and updating icon formats,0.5516,7,0.0,0.0,0.0,0.0,,0.2758,
CX-3162,[TRELLO] Updated email Notification Templates & Removal of Global Footer - HOT FIX,Nisha C N,2026-04-16T10:55:53.176+0530,2026-06-16T10:46:39.263+0530,TrelloTickets,,7b79e5f632855c85026ed50e5072da7513fa11e4,Connexus-inc/connexus-web-api,2026-02-26T11:27:54+05:30,Vysakh RJ,fix: changed template styling for custom-verification0email,0.5491,8,0.0,0.0,0.0,0.0,,0.2746,
CX-3163,[TRELLO] Uploaded contracts are being mapped to Inactive Service categories -HOT FIX,Srilakshmi Sivan,2026-04-16T11:05:45.279+0530,2026-05-18T15:30:09.694+0530,ContractManagement;HotFix;TrelloTickets,,923420de1d9b44228e445a38bc91a743294677b7,Connexus-inc/connexus-web-api,2026-04-20T11:35:05+05:30,Vysakh RJ,fix: filters out inactive services,0.3866,4,0.0,1.0,0.273,0.405,speculative,0.3958,TRUE
CX-3163,[TRELLO] Uploaded contracts are being mapped to Inactive Service categories -HOT FIX,Srilakshmi Sivan,2026-04-16T11:05:45.279+0530,2026-05-18T15:30:09.694+0530,ContractManagement;HotFix;TrelloTickets,,ec9340085a17395bfa941b596f719a79c5e69189,Connexus-inc/connexus-web-api,2026-04-20T11:38:53+05:30,basimneoito,Merge pull request #1866 from Connexus-inc/fix-avoid-saving-to-inactive-services,0.4724,1,0.0,0.0,0.0,0.0,,0.2362,
CX-3163,[TRELLO] Uploaded contracts are being mapped to Inactive Service categories -HOT FIX,Srilakshmi Sivan,2026-04-16T11:05:45.279+0530,2026-05-18T15:30:09.694+0530,ContractManagement;HotFix;TrelloTickets,,1e208341e159553c427800ebe79a9c65d529104c,Connexus-inc/connexus-web-api,2026-01-13T20:52:22+05:00,Tariq Shah,fix(cx2481): added sort and filter to cateogry and contract status,0.4131,2,0.0,0.0,0.0,0.0,,0.2065,
CX-3163,[TRELLO] Uploaded contracts are being mapped to Inactive Service categories -HOT FIX,Srilakshmi Sivan,2026-04-16T11:05:45.279+0530,2026-05-18T15:30:09.694+0530,ContractManagement;HotFix;TrelloTickets,,fb43e8f7cc69ad631ef51a26d88e8e6bc349fc98,Connexus-inc/connexus-web-api,2026-01-22T15:25:55+05:30,Raoof,fix: reorder and update ContractCategories enum in schema and migration,0.3893,3,0.0,0.0,0.0,0.0,,0.1947,
CX-3163,[TRELLO] Uploaded contracts are being mapped to Inactive Service categories -HOT FIX,Srilakshmi Sivan,2026-04-16T11:05:45.279+0530,2026-05-18T15:30:09.694+0530,ContractManagement;HotFix;TrelloTickets,,a012cd263338e768c605af4ef51227c5d25b5f80,Connexus-inc/connexus-web-api,2026-01-22T15:35:21+05:30,basimneoito,Merge pull request #1530 from Connexus-inc/cx-2481-contract-ategories-sort,0.3825,5,0.0,0.0,0.0,0.0,,0.1912,
CX-3163,[TRELLO] Uploaded contracts are being mapped to Inactive Service categories -HOT FIX,Srilakshmi Sivan,2026-04-16T11:05:45.279+0530,2026-05-18T15:30:09.694+0530,ContractManagement;HotFix;TrelloTickets,,2c34f30793761356c0a95d0553a490fa1e7b7e41,Connexus-inc/connexus-web-api,2026-02-16T15:09:25+05:30,Varun Wilson,"feat(property-insurance): policy coverage enum, ComplianceFile.uploadedAt, and file list filters",0.3587,6,0.0,0.0,0.0,0.0,,0.1794,
CX-3163,[TRELLO] Uploaded contracts are being mapped to Inactive Service categories -HOT FIX,Srilakshmi Sivan,2026-04-16T11:05:45.279+0530,2026-05-18T15:30:09.694+0530,ContractManagement;HotFix;TrelloTickets,,4acf60b3b3072125990ed99471831c6bb89c1e21,Connexus-inc/connexus-web-api,2026-01-19T18:10:20+05:30,basimneoito,Merge pull request #1467 from Connexus-inc/adding-filter-sort-category,0.3533,7,0.0,0.0,0.0,0.0,,0.1767,
CX-3163,[TRELLO] Uploaded contracts are being mapped to Inactive Service categories -HOT FIX,Srilakshmi Sivan,2026-04-16T11:05:45.279+0530,2026-05-18T15:30:09.694+0530,ContractManagement;HotFix;TrelloTickets,,f062d984fe7af6d7f10e00b77c883606a9661659,Connexus-inc/connexus-web-client,2026-01-27T16:55:02+05:00,Tariq Shah,fix(cx2481): removed MSA from contract category,0.3528,8,0.0,0.0,0.0,0.0,,0.1764,
CX-3167,Premium field in exported report should display “- / Nil” when no value is available,Varun Wilson,2026-04-16T13:02:29.358+0530,2026-05-18T11:16:48.382+0530,PropertyInsurance,,2cfb2b2c16cdd09bd7ba16d5755c5bd3702cdf4d,Connexus-inc/connexus-web-api,2026-04-21T16:17:55+05:30,Varun Wilson,fix(property-insurance-export): update policy annual premium formatting to use '-' for null values,0.5722,1,1.0,1.0,0.273,0.805,moderate,0.6886,TRUE
CX-3167,Premium field in exported report should display “- / Nil” when no value is available,Varun Wilson,2026-04-16T13:02:29.358+0530,2026-05-18T11:16:48.382+0530,PropertyInsurance,,ba5197722effc171760888c9c5498729ede19142,Connexus-inc/connexus-web-api,2026-02-19T13:15:47+05:30,Raoof,refactor: allow non-negative values for insurance expiration days and streamline property name retrieval for compliance notifications,0.4299,2,0.0,0.0,0.0,0.0,,0.215,
CX-3167,Premium field in exported report should display “- / Nil” when no value is available,Varun Wilson,2026-04-16T13:02:29.358+0530,2026-05-18T11:16:48.382+0530,PropertyInsurance,,fdd4d4beab840cfb8e04cb94251f8e4317cfc63a,Connexus-inc/connexus-web-client,2026-02-20T18:05:43+05:30,Ramesh P R,fix: bug fix,0.4272,3,0.0,0.0,0.0,0.0,,0.2136,
CX-3167,Premium field in exported report should display “- / Nil” when no value is available,Varun Wilson,2026-04-16T13:02:29.358+0530,2026-05-18T11:16:48.382+0530,PropertyInsurance,,cd0fbaeee4ab092080a33b2c82b53a573de075ca,Connexus-inc/connexus-web-api,2026-02-17T13:06:17+05:30,Varun Wilson,fix: policy agency number sorting null value first on asc,0.4263,4,0.0,0.0,0.0,0.0,,0.2132,
CX-3167,Premium field in exported report should display “- / Nil” when no value is available,Varun Wilson,2026-04-16T13:02:29.358+0530,2026-05-18T11:16:48.382+0530,PropertyInsurance,,efb757c17c871b0027381f239e23a2c2275e56c7,Connexus-inc/connexus-web-client,2026-04-07T17:32:58+05:30,Ramesh P R,fix: updated the type of coverage value to show label in view mode,0.4152,5,0.0,0.0,0.0,0.0,,0.2076,
CX-3167,Premium field in exported report should display “- / Nil” when no value is available,Varun Wilson,2026-04-16T13:02:29.358+0530,2026-05-18T11:16:48.382+0530,PropertyInsurance,,96676b6ecdd8b8a3b200872aa2c70f88daf29c61,Connexus-inc/connexus-web-api,2026-04-09T12:32:49+05:30,basimneoito,Merge pull request #1834 from Connexus-inc/feat/ppty-insurance-data-export,0.4148,6,0.0,0.0,0.0,0.0,,0.2074,
CX-3167,Premium field in exported report should display “- / Nil” when no value is available,Varun Wilson,2026-04-16T13:02:29.358+0530,2026-05-18T11:16:48.382+0530,PropertyInsurance,,1ac260d42b3417fc37dbd919d53c68e335c8553c,Connexus-inc/connexus-web-client,2026-04-08T11:10:34+05:30,Ramesh P R,fix: added a new date formatting and updated in property insurance module,0.4144,7,0.0,0.0,0.0,0.0,,0.2072,
CX-3167,Premium field in exported report should display “- / Nil” when no value is available,Varun Wilson,2026-04-16T13:02:29.358+0530,2026-05-18T11:16:48.382+0530,PropertyInsurance,,1ef2ea0c4db8873ab9401757d04d14eb17442ee2,Connexus-inc/connexus-web-client,2026-02-20T17:48:27+05:30,Ramesh P R,fix: updated with the policy limit,0.4137,8,0.0,0.0,0.0,0.0,,0.2069,
CX-3169,Email Template change : Header and Footer change  in onboarding a client/connexus/vendor user,Rakhesh J,2026-04-17T12:10:30.518+0530,2026-05-18T15:21:35.312+0530,,,57db8d2dba3db5e2a865e6963bb29a99e48361ab,Connexus-inc/connexus-web-api,2026-06-11T12:54:44+05:30,ajaydev,fix: email template footer,0.6537,1,0.0,0.0,0.0,0.0,,0.3269,
CX-3169,Email Template change : Header and Footer change  in onboarding a client/connexus/vendor user,Rakhesh J,2026-04-17T12:10:30.518+0530,2026-05-18T15:21:35.312+0530,,,daa9c315fb1b48c328ae3120df37aaebe3fb5efc,Connexus-inc/connexus-web-client,2026-02-26T12:00:39+05:30,rakhesh.j,fix(template): user inviation email template changes,0.6105,2,0.0,0.0,0.0,0.0,,0.3053,
CX-3169,Email Template change : Header and Footer change  in onboarding a client/connexus/vendor user,Rakhesh J,2026-04-17T12:10:30.518+0530,2026-05-18T15:21:35.312+0530,,,606139a7db4eb0b5b401e778f669225473be7b3b,Connexus-inc/connexus-web-api,2026-01-15T11:25:31+05:30,Raoof,feat: refactor email template layouts and styling for improved responsiveness and consistency across all notification types,0.5684,3,0.0,0.0,0.0,0.0,,0.2842,
CX-3169,Email Template change : Header and Footer change  in onboarding a client/connexus/vendor user,Rakhesh J,2026-04-17T12:10:30.518+0530,2026-05-18T15:21:35.312+0530,,,5294fa523747468777d0e7cf80425ab794475549,Connexus-inc/connexus-web-api,2026-06-11T13:00:02+05:30,basimneoito,Merge pull request #2073 from Connexus-inc/ajay/fix/change-template-footer,0.5648,4,0.0,0.0,0.0,0.0,,0.2824,
CX-3169,Email Template change : Header and Footer change  in onboarding a client/connexus/vendor user,Rakhesh J,2026-04-17T12:10:30.518+0530,2026-05-18T15:21:35.312+0530,,,2691f593c6c66e11e3ca82c096fd9f964212af19,Connexus-inc/connexus-web-client,2026-02-24T16:56:39+05:30,varunw92,Merge pull request #1742 from Connexus-inc/fix/rfp_vendor_status_change_fix,0.5418,5,0.0,0.0,0.0,0.0,,0.2709,
CX-3169,Email Template change : Header and Footer change  in onboarding a client/connexus/vendor user,Rakhesh J,2026-04-17T12:10:30.518+0530,2026-05-18T15:21:35.312+0530,,,c237a9b78df4a2750f21bd96090c90681221e3e8,Connexus-inc/connexus-web-api,2026-05-06T15:53:12+05:30,basimneoito,Merge pull request #1947 from Connexus-inc/ajay/fix/email-sub-change,0.5413,6,0.0,0.0,0.0,0.0,,0.2706,
CX-3169,Email Template change : Header and Footer change  in onboarding a client/connexus/vendor user,Rakhesh J,2026-04-17T12:10:30.518+0530,2026-05-18T15:21:35.312+0530,,,87cf479b1f20ddb8087041a0395c417abcc9a913,Connexus-inc/connexus-web-api,2026-04-27T13:46:20+05:30,basimneoito,Merge pull request #1900 from Connexus-inc/ajay/feat/email-template-v2,0.5375,7,0.0,0.0,0.0,0.0,,0.2687,
CX-3169,Email Template change : Header and Footer change  in onboarding a client/connexus/vendor user,Rakhesh J,2026-04-17T12:10:30.518+0530,2026-05-18T15:21:35.312+0530,,,5313f194b9a47982a26195cbc82e2a24040d8054,Connexus-inc/connexus-web-client,2026-02-24T16:27:00+05:30,rakhesh.j,fix(templates): generate password email template ui fix,0.5227,8,0.0,0.0,0.0,0.0,,0.2614,
CX-3181,"[TRELLO] Legacy ""Generate Contract"" flow appearing for ""In Contract"" RFPs",Varun Wilson,2026-04-20T12:51:09.604+0530,2026-05-18T11:26:00.424+0530,TrelloTickets,,20e9190277a551147e19b0256dd5dab80f9033eb,Connexus-inc/connexus-web-client,2026-04-21T10:16:10+05:30,Varun Wilson,refactor(contract-signing): remove legacy contract signing flow and old template management,0.54,1,0.0,0.0,0.0,0.0,,0.27,
CX-3181,"[TRELLO] Legacy ""Generate Contract"" flow appearing for ""In Contract"" RFPs",Varun Wilson,2026-04-20T12:51:09.604+0530,2026-05-18T11:26:00.424+0530,TrelloTickets,,3cbedfa8c0b195373ee7d9a2b6229d155b522d7a,Connexus-inc/connexus-web-api,2026-03-12T15:31:08+05:30,Raoof,docs: add e-sign consent and disclosure text design spec,0.5272,2,0.0,0.0,0.0,0.0,,0.2636,
CX-3181,"[TRELLO] Legacy ""Generate Contract"" flow appearing for ""In Contract"" RFPs",Varun Wilson,2026-04-20T12:51:09.604+0530,2026-05-18T11:26:00.424+0530,TrelloTickets,,3ed1e548156824abaf348b9a1f4588dfc9ed71e0,Connexus-inc/connexus-web-client,2026-03-25T10:34:06+05:30,varunw92,Merge pull request #1910 from Connexus-inc/enh/e-sign-rewamp-sign-management,0.518,3,0.0,0.0,0.0,0.0,,0.259,
CX-3181,"[TRELLO] Legacy ""Generate Contract"" flow appearing for ""In Contract"" RFPs",Varun Wilson,2026-04-20T12:51:09.604+0530,2026-05-18T11:26:00.424+0530,TrelloTickets,,1042b14327d28c6ecc8255dd610370b83f984fb0,Connexus-inc/connexus-web-client,2026-03-12T13:45:44+05:30,rakhesh.j,feat(esign): pull from base branch,0.5095,4,0.0,0.0,0.0,0.0,,0.2547,
CX-3181,"[TRELLO] Legacy ""Generate Contract"" flow appearing for ""In Contract"" RFPs",Varun Wilson,2026-04-20T12:51:09.604+0530,2026-05-18T11:26:00.424+0530,TrelloTickets,,bd4cf0687dd7d001dd7879a24b0e17581d0caefb,Connexus-inc/connexus-web-client,2026-03-24T18:46:32+05:30,varunw92,Merge pull request #1907 from Connexus-inc/enh/e-sign-rewamp-sign-management,0.5077,5,0.0,0.0,0.0,0.0,,0.2539,
CX-3181,"[TRELLO] Legacy ""Generate Contract"" flow appearing for ""In Contract"" RFPs",Varun Wilson,2026-04-20T12:51:09.604+0530,2026-05-18T11:26:00.424+0530,TrelloTickets,,511b0cd1fa314c45b47efa52509f5a0e1a1e69e2,Connexus-inc/connexus-web-client,2026-02-25T12:09:42+05:30,varunw92,Merge pull request #1748 from Connexus-inc/fix/rfp_vendor_status_change_fix,0.5043,6,0.0,0.0,0.0,0.0,,0.2522,
CX-3181,"[TRELLO] Legacy ""Generate Contract"" flow appearing for ""In Contract"" RFPs",Varun Wilson,2026-04-20T12:51:09.604+0530,2026-05-18T11:26:00.424+0530,TrelloTickets,,b00f6bb9472a0061a8ab5b60ea80048ed56542e7,Connexus-inc/connexus-web-api,2026-04-22T12:01:02+05:30,Vysakh R J,docs(cancel-award): add design spec for cancel-award guard and draft contract cleanup,0.5032,7,0.0,0.0,0.0,0.0,,0.2516,
CX-3181,"[TRELLO] Legacy ""Generate Contract"" flow appearing for ""In Contract"" RFPs",Varun Wilson,2026-04-20T12:51:09.604+0530,2026-05-18T11:26:00.424+0530,TrelloTickets,,b1a739a8c26c32f9733a173421414b1471253065,Connexus-inc/connexus-web-client,2026-03-24T14:49:41+05:30,varunw92,Merge pull request #1904 from Connexus-inc/enh/e-sign-rewamp-sign-management,0.5031,8,0.0,0.0,0.0,0.0,,0.2515,
CX-3219,Address field marked mandatory but missing (*) indicator,Varun Wilson,2026-04-24T15:01:08.416+0530,2026-05-18T11:49:43.342+0530,VENDOR,,48a8648edeaa24fc648ef638a5393db59a46d8e6,Connexus-inc/connexus-web-api,2026-04-22T22:50:20+05:30,ajaydev,fix: address min length,0.409,1,0.0,0.0,0.0,0.0,,0.2045,
CX-3219,Address field marked mandatory but missing (*) indicator,Varun Wilson,2026-04-24T15:01:08.416+0530,2026-05-18T11:49:43.342+0530,VENDOR,,9769c6dca825ebaa9ce6942dd5444e1bc6c20718,Connexus-inc/connexus-web-client,2026-01-27T22:41:51+05:30,varunw92,Merge pull request #1581 from Connexus-inc/made-address-phone-mandatory,0.3997,2,0.0,0.0,0.0,0.0,,0.1998,
CX-3219,Address field marked mandatory but missing (*) indicator,Varun Wilson,2026-04-24T15:01:08.416+0530,2026-05-18T11:49:43.342+0530,VENDOR,,46edb414f7e6649ff64e31dc9c08de8586a2897b,Connexus-inc/connexus-web-api,2026-04-23T15:58:13+05:30,ajaydev,fix: upload validation,0.3701,3,0.0,0.0,0.0,0.0,,0.1851,
CX-3219,Address field marked mandatory but missing (*) indicator,Varun Wilson,2026-04-24T15:01:08.416+0530,2026-05-18T11:49:43.342+0530,VENDOR,,39dc01346d3240479f0e829732f2b6e673e5f61a,Connexus-inc/connexus-web-client,2026-03-27T17:40:27+05:30,Ramesh P R,fix: policy limit and deductibles validation,0.3601,4,0.0,0.0,0.0,0.0,,0.18,
CX-3219,Address field marked mandatory but missing (*) indicator,Varun Wilson,2026-04-24T15:01:08.416+0530,2026-05-18T11:49:43.342+0530,VENDOR,,4bf676d77586d2ac90459b6a7cd4dab5a88e7f85,Connexus-inc/connexus-web-client,2026-05-28T00:43:33+05:30,rakhesh.j,feat(venor-compliance): vendor verification api integrations added dev test pending,0.3579,5,0.0,0.0,0.0,0.0,,0.179,
CX-3219,Address field marked mandatory but missing (*) indicator,Varun Wilson,2026-04-24T15:01:08.416+0530,2026-05-18T11:49:43.342+0530,VENDOR,,af8076b3eb8c498bc3452635f248533fa8c329b6,Connexus-inc/connexus-web-client,2026-02-05T00:33:20+05:30,Ramesh P R,fix: tight validations added for fields in file details modal,0.3561,6,0.0,0.0,0.0,0.0,,0.178,
CX-3219,Address field marked mandatory but missing (*) indicator,Varun Wilson,2026-04-24T15:01:08.416+0530,2026-05-18T11:49:43.342+0530,VENDOR,,2dcb51f5a64c8b5d924ba3b035426e63debea6ac,Connexus-inc/connexus-web-api,2026-04-29T12:01:04+05:30,ajaydev,fix: phone validation,0.3559,7,0.0,0.0,0.0,0.0,,0.178,
CX-3219,Address field marked mandatory but missing (*) indicator,Varun Wilson,2026-04-24T15:01:08.416+0530,2026-05-18T11:49:43.342+0530,VENDOR,,f68af6d450f3924db24726416275b9e2a12429bc,Connexus-inc/connexus-web-api,2026-05-25T18:49:08+05:30,Vysakh R J,feat: made stateIds non mandatory,0.3474,8,0.0,0.0,0.0,0.0,,0.1737,
CX-3252,Enhance contract expiration email notifications to include non-corporate property contacts,Vysakh R J,2026-04-30T11:57:42.930+0530,2026-05-18T12:42:54.035+0530,EmailTemplateChange,,a2ea79a7018d441189782703c3c9e54534a0a153,Connexus-inc/connexus-web-api,2026-04-30T16:19:14+05:30,Vysakh R J,fix: corporate contacts gets email nevertheless they have access to property,0.6469,1,1.0,1.0,0.5,0.85,strong,0.7485,TRUE
CX-3252,Enhance contract expiration email notifications to include non-corporate property contacts,Vysakh R J,2026-04-30T11:57:42.930+0530,2026-05-18T12:42:54.035+0530,EmailTemplateChange,,7b2aad5f895f08199be117c0e74c0f41fa03e994,Connexus-inc/connexus-web-api,2026-04-30T14:55:30+05:30,Vysakh R J,fix: added non property contact too,0.6198,2,1.0,1.0,0.3,0.81,strong,0.7149,TRUE
CX-3252,Enhance contract expiration email notifications to include non-corporate property contacts,Vysakh R J,2026-04-30T11:57:42.930+0530,2026-05-18T12:42:54.035+0530,EmailTemplateChange,,6b005289c773f042ceb20c5a7099a99dc7b23616,Connexus-inc/connexus-web-api,2026-04-30T16:20:29+05:30,Vysakh R J,Merge pull request #1930 from Connexus-inc/fix-contract-expired-email-template-changes,0.457,8,1.0,1.0,0.45,0.84,strong,0.6485,TRUE
CX-3252,Enhance contract expiration email notifications to include non-corporate property contacts,Vysakh R J,2026-04-30T11:57:42.930+0530,2026-05-18T12:42:54.035+0530,EmailTemplateChange,,0943e6c7e79a924033b6dc25b2884a322e447647,Connexus-inc/connexus-web-api,2026-04-30T12:31:07+05:30,Vysakh RJ,feat: added new template and property linked contacts,0.5562,3,0.0,0.0,0.0,0.0,,0.2781,
CX-3252,Enhance contract expiration email notifications to include non-corporate property contacts,Vysakh R J,2026-04-30T11:57:42.930+0530,2026-05-18T12:42:54.035+0530,EmailTemplateChange,,7fc9cdd09e61aebd1f976f7d5559766475575016,Connexus-inc/connexus-web-api,2026-04-30T15:17:34+05:30,Vysakh R J,fix: client based permissions updated,0.5372,4,0.0,0.0,0.0,0.0,,0.2686,
CX-3252,Enhance contract expiration email notifications to include non-corporate property contacts,Vysakh R J,2026-04-30T11:57:42.930+0530,2026-05-18T12:42:54.035+0530,EmailTemplateChange,,6d3871afd7baa34f10d584183cc7cdf5812b3343,Connexus-inc/connexus-web-api,2026-02-10T14:23:47+05:30,Raoof,"feat: add insurance expiry notification email templates, configuration, and planning documentation",0.5026,5,0.0,0.0,0.0,0.0,,0.2513,
CX-3252,Enhance contract expiration email notifications to include non-corporate property contacts,Vysakh R J,2026-04-30T11:57:42.930+0530,2026-05-18T12:42:54.035+0530,EmailTemplateChange,,ed1ebb75328186b29a7002829e1084108c26fb42,Connexus-inc/connexus-web-api,2026-02-17T14:29:39+05:30,Raoof,feat: add new email templates for basic and auto-renew contract expiration notifications and update template configuration,0.4913,6,0.0,0.0,0.0,0.0,,0.2457,
CX-3252,Enhance contract expiration email notifications to include non-corporate property contacts,Vysakh R J,2026-04-30T11:57:42.930+0530,2026-05-18T12:42:54.035+0530,EmailTemplateChange,,8ba111e4819e8ba5ec01d24734d112361663ffce,Connexus-inc/connexus-web-api,2026-01-09T11:50:37+05:30,Raoof,refactor: update VENDOR_BID_RECEIVED notification to target all PRIMARY_CONTACT users of the vendor,0.4774,7,0.0,0.0,0.0,0.0,,0.2387,
CX-3254,Start Date and End Date filters not working correctly in MSA module,Varun Wilson,2026-04-30T13:37:14.643+0530,2026-07-02T18:40:56.419+0530,MSATab,,aecfde8b3d603fff6e3426b0a59c625b4cd44508,Connexus-inc/connexus-web-client,2026-07-02T13:58:30+05:30,Varun Wilson,fix: msa contract date string issue fix,0.436,6,1.0,1.0,0.75,0.9,strong,0.668,TRUE
CX-3254,Start Date and End Date filters not working correctly in MSA module,Varun Wilson,2026-04-30T13:37:14.643+0530,2026-07-02T18:40:56.419+0530,MSATab,,769f621dd49a452dbd468f73d1de2be99b6012c8,Connexus-inc/connexus-web-api,2026-04-30T16:08:52+05:30,Varun Wilson,refactor: simplify date filtering in contract service and remove unused DTO properties,0.5502,1,0.0,0.0,0.0,0.0,,0.2751,
CX-3254,Start Date and End Date filters not working correctly in MSA module,Varun Wilson,2026-04-30T13:37:14.643+0530,2026-07-02T18:40:56.419+0530,MSATab,,02fb9aa5beb360c4f35ef8045ba9c7c5fe152e3f,Connexus-inc/connexus-web-api,2026-04-27T14:35:06+05:30,Varun Wilson,feat: enhance MSA contract filtering and creation logic,0.508,2,0.0,0.0,0.0,0.0,,0.254,
CX-3254,Start Date and End Date filters not working correctly in MSA module,Varun Wilson,2026-04-30T13:37:14.643+0530,2026-07-02T18:40:56.419+0530,MSATab,,50bb5107856acdf38ee2dd9556f1d0b6697c7d94,Connexus-inc/connexus-web-client,2026-05-13T15:48:36+05:30,Ramesh P R,fix: made the contract start-end dates optional for msa creation,0.4778,3,0.0,0.0,0.0,0.0,,0.2389,
CX-3254,Start Date and End Date filters not working correctly in MSA module,Varun Wilson,2026-04-30T13:37:14.643+0530,2026-07-02T18:40:56.419+0530,MSATab,,856efbb6b7a94d217df921d29930a757bf31884b,Connexus-inc/connexus-web-client,2026-05-13T15:57:04+05:30,varunw92,Merge pull request #2073 from Connexus-inc/feat/msa-extended,0.4638,4,0.0,0.0,0.0,0.0,,0.2319,
CX-3254,Start Date and End Date filters not working correctly in MSA module,Varun Wilson,2026-04-30T13:37:14.643+0530,2026-07-02T18:40:56.419+0530,MSATab,,473e9fd7cbdfe8bde7b380a6c36f7d464529d52f,Connexus-inc/connexus-web-client,2026-04-28T12:07:27+05:30,Ramesh P R,fix: added validations for msa creation,0.4602,5,0.0,0.0,0.0,0.0,,0.2301,
CX-3254,Start Date and End Date filters not working correctly in MSA module,Varun Wilson,2026-04-30T13:37:14.643+0530,2026-07-02T18:40:56.419+0530,MSATab,,1eaa281391d33a067f08fbf08180f405206dc4ff,Connexus-inc/connexus-web-api,2026-02-04T00:20:08+05:30,Varun Wilson,"fix(property-insurance): bg job export with client search, date filter and compliance status",0.4041,7,0.0,0.0,0.0,0.0,,0.2021,
CX-3254,Start Date and End Date filters not working correctly in MSA module,Varun Wilson,2026-04-30T13:37:14.643+0530,2026-07-02T18:40:56.419+0530,MSATab,,a79faacbdd27d90eb8efd7e0964723aec4308f80,Connexus-inc/connexus-web-client,2026-02-03T18:04:09+05:30,Varun Wilson,feat(existing-contracts): add uploaded date range filter to background jobs table export,0.4029,8,0.0,0.0,0.0,0.0,,0.2014,
CX-3274,Add Sorting for “Number of Rows” Column – File Uploads Page,ajay.dev,2026-05-05T12:53:42.419+0530,2026-05-18T09:47:52.927+0530,PropertyListBulkUpload,,49242647f3d592c495e27669ee718fdcd301a92e,Connexus-inc/connexus-web-client,2026-05-05T16:55:42+05:30,rakhesh.j,fix(property): client name column added to property list file uploads table,0.5242,1,0.0,0.0,0.0,0.0,,0.2621,
CX-3274,Add Sorting for “Number of Rows” Column – File Uploads Page,ajay.dev,2026-05-05T12:53:42.419+0530,2026-05-18T09:47:52.927+0530,PropertyListBulkUpload,,e8a3caaaeb3d7814b8037d5ff198d7f34e57f7fe,Connexus-inc/connexus-web-client,2026-02-11T13:23:22+05:30,Ramesh P R,"feat: added sort and filter to view records modal, added premium in file update",0.4817,2,0.0,0.0,0.0,0.0,,0.2408,
CX-3274,Add Sorting for “Number of Rows” Column – File Uploads Page,ajay.dev,2026-05-05T12:53:42.419+0530,2026-05-18T09:47:52.927+0530,PropertyListBulkUpload,,3d337fe71ad085b20ca2c79c076e98141bcf302e,Connexus-inc/connexus-web-client,2026-02-27T22:09:52+05:00,Tariq Shah,fix(cx2877cx2878): sorting is corrected for states served and on boarded by,0.4679,3,0.0,0.0,0.0,0.0,,0.2339,
CX-3274,Add Sorting for “Number of Rows” Column – File Uploads Page,ajay.dev,2026-05-05T12:53:42.419+0530,2026-05-18T09:47:52.927+0530,PropertyListBulkUpload,,8276e20e1833e40c7be7d4c06da4449b8e6c9263,Connexus-inc/connexus-web-client,2026-02-16T22:14:47+05:30,Varun Wilson,fix: deductables field made non sortable,0.4639,4,0.0,0.0,0.0,0.0,,0.2319,
CX-3274,Add Sorting for “Number of Rows” Column – File Uploads Page,ajay.dev,2026-05-05T12:53:42.419+0530,2026-05-18T09:47:52.927+0530,PropertyListBulkUpload,,ba070ddbfefa6d7cfd49ace63b1110deb980d3f5,Connexus-inc/connexus-web-client,2026-04-30T15:03:26+05:30,Ramesh P R,fix: added renewalPeriod sort,0.4553,5,0.0,0.0,0.0,0.0,,0.2277,
CX-3274,Add Sorting for “Number of Rows” Column – File Uploads Page,ajay.dev,2026-05-05T12:53:42.419+0530,2026-05-18T09:47:52.927+0530,PropertyListBulkUpload,,66f8c04e9f6a2929830f0b63789dcc561d5d93ad,Connexus-inc/connexus-web-client,2026-04-08T12:59:07+05:30,Ramesh P R,fix: child table sort issue fixed,0.4482,6,0.0,0.0,0.0,0.0,,0.2241,
CX-3274,Add Sorting for “Number of Rows” Column – File Uploads Page,ajay.dev,2026-05-05T12:53:42.419+0530,2026-05-18T09:47:52.927+0530,PropertyListBulkUpload,,f04b84f8807b1903c9cddf65105cb5b029700c9b,Connexus-inc/connexus-web-client,2026-04-10T17:17:06+05:30,rakhesh.j,fix(template): uploaded date and by added in templates table,0.4473,7,0.0,0.0,0.0,0.0,,0.2237,
CX-3274,Add Sorting for “Number of Rows” Column – File Uploads Page,ajay.dev,2026-05-05T12:53:42.419+0530,2026-05-18T09:47:52.927+0530,PropertyListBulkUpload,,9ba61c8f06dbbb55940808851878b961a87d963b,Connexus-inc/connexus-web-client,2026-04-09T12:36:41+05:30,rakhesh.j,feat(property): csv upload api integrations added,0.4251,8,0.0,0.0,0.0,0.0,,0.2126,
CX-3287,Update Email Preview UI in “Send RFP to Vendors” page to latest design,Rakhesh J,2026-05-06T17:04:41.861+0530,2026-05-18T12:45:40.984+0530,EmailTemplateChange,,089e96ea532f64e2e57933ab80f7e51df6bdc841,Connexus-inc/connexus-web-client,2026-05-07T11:26:34+05:30,rakhesh.j,fix(rfp): email preview changed to latest email template design,0.6599,1,0.85,1.0,1.0,0.89,strong,0.775,TRUE
CX-3287,Update Email Preview UI in “Send RFP to Vendors” page to latest design,Rakhesh J,2026-05-06T17:04:41.861+0530,2026-05-18T12:45:40.984+0530,EmailTemplateChange,,72db028d84154fd4956d2680deca84b3f8853400,Connexus-inc/connexus-web-client,2026-05-12T10:14:28+05:30,rakhesh.j,fix(rfp): email preview subject line changed,0.6511,2,0.85,1.0,0.857,0.861,strong,0.756,TRUE
CX-3287,Update Email Preview UI in “Send RFP to Vendors” page to latest design,Rakhesh J,2026-05-06T17:04:41.861+0530,2026-05-18T12:45:40.984+0530,EmailTemplateChange,,7f72c02ce3e98bdb91add5bfde1b4b0c27915500,Connexus-inc/connexus-web-api,2026-04-27T12:55:17+05:30,ajaydev,feat: email template new version,0.6198,3,0.0,0.0,0.0,0.0,,0.3099,
CX-3287,Update Email Preview UI in “Send RFP to Vendors” page to latest design,Rakhesh J,2026-05-06T17:04:41.861+0530,2026-05-18T12:45:40.984+0530,EmailTemplateChange,,1326235a022d247dd9421f069fab8e8bbba15bab,Connexus-inc/connexus-web-api,2026-05-06T23:35:39+05:30,ajaydev,fix: rfp update new temp 2,0.5724,4,0.0,0.0,0.0,0.0,,0.2862,
CX-3287,Update Email Preview UI in “Send RFP to Vendors” page to latest design,Rakhesh J,2026-05-06T17:04:41.861+0530,2026-05-18T12:45:40.984+0530,EmailTemplateChange,,606139a7db4eb0b5b401e778f669225473be7b3b,Connexus-inc/connexus-web-api,2026-01-15T11:25:31+05:30,Raoof,feat: refactor email template layouts and styling for improved responsiveness and consistency across all notification types,0.5692,5,0.0,0.0,0.0,0.0,,0.2846,
CX-3287,Update Email Preview UI in “Send RFP to Vendors” page to latest design,Rakhesh J,2026-05-06T17:04:41.861+0530,2026-05-18T12:45:40.984+0530,EmailTemplateChange,,861337a7b28d1b273b17a085986542c429124e94,Connexus-inc/connexus-web-client,2026-03-27T14:02:15+05:30,Ramesh P R,fix: bug fixes - font and color updated for view modal and mail view,0.5429,6,0.0,0.0,0.0,0.0,,0.2714,
CX-3287,Update Email Preview UI in “Send RFP to Vendors” page to latest design,Rakhesh J,2026-05-06T17:04:41.861+0530,2026-05-18T12:45:40.984+0530,EmailTemplateChange,,7830a0aa21189184361c63461ba7a6125335ea9f,Connexus-inc/connexus-web-api,2026-02-18T17:01:46+05:30,Raoof,fix: ensure consistent link styling in email templates by adding `!important` to color and text-decoration properties,0.5393,7,0.0,0.0,0.0,0.0,,0.2697,
CX-3287,Update Email Preview UI in “Send RFP to Vendors” page to latest design,Rakhesh J,2026-05-06T17:04:41.861+0530,2026-05-18T12:45:40.984+0530,EmailTemplateChange,,6f37b9cdae54a7029d4094649fb137652c7182ab,Connexus-inc/connexus-web-client,2026-04-27T16:08:46+05:30,Ramesh P R,fix: removed delivered email status and duplicate header,0.5391,8,0.0,0.0,0.0,0.0,,0.2695,
CX-3303,Update Header and Footer Design for “RFP Due Date Passed” Email Template,Rakhesh J,2026-05-11T12:28:56.889+0530,2026-05-18T12:48:53.656+0530,EmailTemplateChange,,57db8d2dba3db5e2a865e6963bb29a99e48361ab,Connexus-inc/connexus-web-api,2026-06-11T12:54:44+05:30,ajaydev,fix: email template footer,0.6008,1,0.0,0.0,0.0,0.0,,0.3004,
CX-3303,Update Header and Footer Design for “RFP Due Date Passed” Email Template,Rakhesh J,2026-05-11T12:28:56.889+0530,2026-05-18T12:48:53.656+0530,EmailTemplateChange,,3ff7b929f5609d53bb196b60979bbd8e21476e5a,Connexus-inc/connexus-web-api,2026-01-13T14:42:44+05:30,Raoof,fix: fixed rfp due date email template issue fixed,0.5933,2,0.0,0.0,0.0,0.0,,0.2967,
CX-3303,Update Header and Footer Design for “RFP Due Date Passed” Email Template,Rakhesh J,2026-05-11T12:28:56.889+0530,2026-05-18T12:48:53.656+0530,EmailTemplateChange,,606139a7db4eb0b5b401e778f669225473be7b3b,Connexus-inc/connexus-web-api,2026-01-15T11:25:31+05:30,Raoof,feat: refactor email template layouts and styling for improved responsiveness and consistency across all notification types,0.5579,3,0.0,0.0,0.0,0.0,,0.279,
CX-3303,Update Header and Footer Design for “RFP Due Date Passed” Email Template,Rakhesh J,2026-05-11T12:28:56.889+0530,2026-05-18T12:48:53.656+0530,EmailTemplateChange,,08979e34deeb700f9bcd146ff571a660ccf5e613,Connexus-inc/connexus-web-api,2026-01-13T13:58:48+05:30,Raoof,fix: fixed rfp update mails,0.5462,4,0.0,0.0,0.0,0.0,,0.2731,
CX-3303,Update Header and Footer Design for “RFP Due Date Passed” Email Template,Rakhesh J,2026-05-11T12:28:56.889+0530,2026-05-18T12:48:53.656+0530,EmailTemplateChange,,09ae54a6857a2efb0e7a8559f6d2a04da8f5f864,Connexus-inc/connexus-web-api,2026-05-11T17:04:00+05:30,ajaydev,fix: template update closed,0.5446,5,0.0,0.0,0.0,0.0,,0.2723,
CX-3303,Update Header and Footer Design for “RFP Due Date Passed” Email Template,Rakhesh J,2026-05-11T12:28:56.889+0530,2026-05-18T12:48:53.656+0530,EmailTemplateChange,,9e478d83a86c1d5873160ab94e6e6d20f4b30ea9,Connexus-inc/connexus-web-api,2026-01-14T12:02:46+05:30,Raoof,fix: update RFP due date notification template for clarity and consistency,0.5387,6,0.0,0.0,0.0,0.0,,0.2693,
CX-3303,Update Header and Footer Design for “RFP Due Date Passed” Email Template,Rakhesh J,2026-05-11T12:28:56.889+0530,2026-05-18T12:48:53.656+0530,EmailTemplateChange,,7830a0aa21189184361c63461ba7a6125335ea9f,Connexus-inc/connexus-web-api,2026-02-18T17:01:46+05:30,Raoof,fix: ensure consistent link styling in email templates by adding `!important` to color and text-decoration properties,0.5314,7,0.0,0.0,0.0,0.0,,0.2657,
CX-3303,Update Header and Footer Design for “RFP Due Date Passed” Email Template,Rakhesh J,2026-05-11T12:28:56.889+0530,2026-05-18T12:48:53.656+0530,EmailTemplateChange,,daa9c315fb1b48c328ae3120df37aaebe3fb5efc,Connexus-inc/connexus-web-client,2026-02-26T12:00:39+05:30,rakhesh.j,fix(template): user inviation email template changes,0.5279,8,0.0,0.0,0.0,0.0,,0.2639,
CX-3304,"RFP Updation mail not received when updating fields other than RFP Name, Attachments, Description, or Extended Due Date",ajay.dev,2026-05-11T18:50:33.915+0530,2026-05-18T12:53:48.175+0530,EmailTemplateChange;RFP,,08979e34deeb700f9bcd146ff571a660ccf5e613,Connexus-inc/connexus-web-api,2026-01-13T13:58:48+05:30,Raoof,fix: fixed rfp update mails,0.7001,1,0.0,0.0,0.0,0.0,,0.3501,
CX-3304,"RFP Updation mail not received when updating fields other than RFP Name, Attachments, Description, or Extended Due Date",ajay.dev,2026-05-11T18:50:33.915+0530,2026-05-18T12:53:48.175+0530,EmailTemplateChange;RFP,,0b5db7d433dc1f0cc86ba231953fd3c294de7b63,Connexus-inc/connexus-web-api,2026-01-13T13:52:26+05:30,Raoof,fix: fixed update mails,0.6431,2,0.0,0.0,0.0,0.0,,0.3215,
CX-3304,"RFP Updation mail not received when updating fields other than RFP Name, Attachments, Description, or Extended Due Date",ajay.dev,2026-05-11T18:50:33.915+0530,2026-05-18T12:53:48.175+0530,EmailTemplateChange;RFP,,719f1d25a4791678cb1528bea2b2949440525f5e,Connexus-inc/connexus-web-api,2026-01-15T01:07:17+05:30,Vysakh R J,fix: issues with rfp condition,0.624,3,0.0,0.0,0.0,0.0,,0.312,
CX-3304,"RFP Updation mail not received when updating fields other than RFP Name, Attachments, Description, or Extended Due Date",ajay.dev,2026-05-11T18:50:33.915+0530,2026-05-18T12:53:48.175+0530,EmailTemplateChange;RFP,,0885a8bc164e77bfa815562035dc9435969841e4,Connexus-inc/connexus-web-api,2026-01-15T00:10:11+05:30,Vysakh R J,feat: added email reminder for unregistered vendors,0.6056,4,0.0,0.0,0.0,0.0,,0.3028,
CX-3304,"RFP Updation mail not received when updating fields other than RFP Name, Attachments, Description, or Extended Due Date",ajay.dev,2026-05-11T18:50:33.915+0530,2026-05-18T12:53:48.175+0530,EmailTemplateChange;RFP,,55f108913bbdbe54aefad4cb4d3e82a59237ba54,Connexus-inc/connexus-web-api,2026-01-09T14:55:49+05:30,Raoof,feat: implement BROADCAST_VENDOR_RFP_UPDATED notification to alert vendors of RFP content changes,0.6037,5,0.0,0.0,0.0,0.0,,0.3018,
CX-3304,"RFP Updation mail not received when updating fields other than RFP Name, Attachments, Description, or Extended Due Date",ajay.dev,2026-05-11T18:50:33.915+0530,2026-05-18T12:53:48.175+0530,EmailTemplateChange;RFP,,87dc7fc39ef251bef8b4e6bbe2303542e9a93182,Connexus-inc/connexus-web-api,2026-05-08T23:38:24+05:30,ajaydev,fix: rfp update new temp 14,0.5918,6,0.0,0.0,0.0,0.0,,0.2959,
CX-3304,"RFP Updation mail not received when updating fields other than RFP Name, Attachments, Description, or Extended Due Date",ajay.dev,2026-05-11T18:50:33.915+0530,2026-05-18T12:53:48.175+0530,EmailTemplateChange;RFP,,6a76372f312ed1a7576fa5322708ff80895c2f4d,Connexus-inc/connexus-web-api,2026-05-09T00:12:48+05:30,ajaydev,fix: rfp update new temp 14,0.5917,7,0.0,0.0,0.0,0.0,,0.2959,
CX-3304,"RFP Updation mail not received when updating fields other than RFP Name, Attachments, Description, or Extended Due Date",ajay.dev,2026-05-11T18:50:33.915+0530,2026-05-18T12:53:48.175+0530,EmailTemplateChange;RFP,,43f2a012f42201cca85b0f3965f76386ea7ced6c,Connexus-inc/connexus-web-api,2026-05-06T21:41:15+05:30,ajaydev,fix: template plain text,0.5889,8,0.0,0.0,0.0,0.0,,0.2944,
CX-3319,[TRELLO] RFP Email buttons lose styling/formatting when forwarded,ajay.dev,2026-05-13T12:33:32.709+0530,2026-06-11T18:47:48.344+0530,TrelloTickets,,7830a0aa21189184361c63461ba7a6125335ea9f,Connexus-inc/connexus-web-api,2026-02-18T17:01:46+05:30,Raoof,fix: ensure consistent link styling in email templates by adding `!important` to color and text-decoration properties,0.589,1,0.0,0.0,0.0,0.0,,0.2945,
CX-3319,[TRELLO] RFP Email buttons lose styling/formatting when forwarded,ajay.dev,2026-05-13T12:33:32.709+0530,2026-06-11T18:47:48.344+0530,TrelloTickets,,72db028d84154fd4956d2680deca84b3f8853400,Connexus-inc/connexus-web-client,2026-05-12T10:14:28+05:30,rakhesh.j,fix(rfp): email preview subject line changed,0.5375,2,0.0,0.0,0.0,0.0,,0.2687,
CX-3319,[TRELLO] RFP Email buttons lose styling/formatting when forwarded,ajay.dev,2026-05-13T12:33:32.709+0530,2026-06-11T18:47:48.344+0530,TrelloTickets,,089e96ea532f64e2e57933ab80f7e51df6bdc841,Connexus-inc/connexus-web-client,2026-05-07T11:26:34+05:30,rakhesh.j,fix(rfp): email preview changed to latest email template design,0.5171,3,0.0,0.0,0.0,0.0,,0.2586,
CX-3319,[TRELLO] RFP Email buttons lose styling/formatting when forwarded,ajay.dev,2026-05-13T12:33:32.709+0530,2026-06-11T18:47:48.344+0530,TrelloTickets,,daa9c315fb1b48c328ae3120df37aaebe3fb5efc,Connexus-inc/connexus-web-client,2026-02-26T12:00:39+05:30,rakhesh.j,fix(template): user inviation email template changes,0.4958,4,0.0,0.0,0.0,0.0,,0.2479,
CX-3319,[TRELLO] RFP Email buttons lose styling/formatting when forwarded,ajay.dev,2026-05-13T12:33:32.709+0530,2026-06-11T18:47:48.344+0530,TrelloTickets,,606139a7db4eb0b5b401e778f669225473be7b3b,Connexus-inc/connexus-web-api,2026-01-15T11:25:31+05:30,Raoof,feat: refactor email template layouts and styling for improved responsiveness and consistency across all notification types,0.4779,5,0.0,0.0,0.0,0.0,,0.2389,
CX-3319,[TRELLO] RFP Email buttons lose styling/formatting when forwarded,ajay.dev,2026-05-13T12:33:32.709+0530,2026-06-11T18:47:48.344+0530,TrelloTickets,,1326235a022d247dd9421f069fab8e8bbba15bab,Connexus-inc/connexus-web-api,2026-05-06T23:35:39+05:30,ajaydev,fix: rfp update new temp 2,0.4771,6,0.0,0.0,0.0,0.0,,0.2386,
CX-3319,[TRELLO] RFP Email buttons lose styling/formatting when forwarded,ajay.dev,2026-05-13T12:33:32.709+0530,2026-06-11T18:47:48.344+0530,TrelloTickets,,e2ca35db97698892c05df55155f9d78a576bfba7,Connexus-inc/connexus-web-api,2026-01-28T17:49:50+05:30,Raoof,fix: unified property types,0.4731,7,0.0,0.0,0.0,0.0,,0.2365,
CX-3319,[TRELLO] RFP Email buttons lose styling/formatting when forwarded,ajay.dev,2026-05-13T12:33:32.709+0530,2026-06-11T18:47:48.344+0530,TrelloTickets,,11d758542193397101102352dd2282f371741f13,Connexus-inc/connexus-web-api,2026-02-18T18:15:58+05:30,basimneoito,Merge pull request #1634 from Connexus-inc/property-insurence-status-update-fixes,0.4656,8,0.0,0.0,0.0,0.0,,0.2328,
CX-3321,"[TRELLO] Set Start/End Dates as optional and support ""N/A"" for MSA contracts",Varun Wilson,2026-05-13T12:46:00.260+0530,2026-06-09T21:27:50.006+0530,TrelloTickets,TRUE,473e9fd7cbdfe8bde7b380a6c36f7d464529d52f,Connexus-inc/connexus-web-client,2026-04-28T12:07:27+05:30,Ramesh P R,fix: added validations for msa creation,0.5426,1,0.0,0.0,0.0,0.0,,0.2713,
CX-3321,"[TRELLO] Set Start/End Dates as optional and support ""N/A"" for MSA contracts",Varun Wilson,2026-05-13T12:46:00.260+0530,2026-06-09T21:27:50.006+0530,TrelloTickets,TRUE,50bb5107856acdf38ee2dd9556f1d0b6697c7d94,Connexus-inc/connexus-web-client,2026-05-13T15:48:36+05:30,Ramesh P R,fix: made the contract start-end dates optional for msa creation,0.5308,2,0.0,0.0,0.0,0.0,,0.2654,
CX-3321,"[TRELLO] Set Start/End Dates as optional and support ""N/A"" for MSA contracts",Varun Wilson,2026-05-13T12:46:00.260+0530,2026-06-09T21:27:50.006+0530,TrelloTickets,TRUE,1d801e54cabf9a6c479280e61a778f0577f61303,Connexus-inc/connexus-web-api,2026-05-13T12:05:17+05:30,Varun Wilson,refactor: update MSA contract DTO to use optional properties for start and end dates,0.5175,3,0.0,0.0,0.0,0.0,,0.2588,
CX-3321,"[TRELLO] Set Start/End Dates as optional and support ""N/A"" for MSA contracts",Varun Wilson,2026-05-13T12:46:00.260+0530,2026-06-09T21:27:50.006+0530,TrelloTickets,TRUE,614478cbc83cd1059ec339d2f5de8149991f4edc,Connexus-inc/connexus-web-api,2026-02-16T14:00:04+05:30,Vysakh R J,feat: added end date validation to create dto,0.4895,4,0.0,0.0,0.0,0.0,,0.2447,
CX-3321,"[TRELLO] Set Start/End Dates as optional and support ""N/A"" for MSA contracts",Varun Wilson,2026-05-13T12:46:00.260+0530,2026-06-09T21:27:50.006+0530,TrelloTickets,TRUE,856efbb6b7a94d217df921d29930a757bf31884b,Connexus-inc/connexus-web-client,2026-05-13T15:57:04+05:30,varunw92,Merge pull request #2073 from Connexus-inc/feat/msa-extended,0.4863,5,0.0,0.0,0.0,0.0,,0.2432,
CX-3321,"[TRELLO] Set Start/End Dates as optional and support ""N/A"" for MSA contracts",Varun Wilson,2026-05-13T12:46:00.260+0530,2026-06-09T21:27:50.006+0530,TrelloTickets,TRUE,198d59c1e729daa04ab385db7c5c82be6fbe94af,Connexus-inc/connexus-web-client,2026-06-01T15:34:21+05:30,Ramesh P R,fix: msa payload update to include null,0.4579,6,0.0,0.0,0.0,0.0,,0.229,
CX-3321,"[TRELLO] Set Start/End Dates as optional and support ""N/A"" for MSA contracts",Varun Wilson,2026-05-13T12:46:00.260+0530,2026-06-09T21:27:50.006+0530,TrelloTickets,TRUE,02fb9aa5beb360c4f35ef8045ba9c7c5fe152e3f,Connexus-inc/connexus-web-api,2026-04-27T14:35:06+05:30,Varun Wilson,feat: enhance MSA contract filtering and creation logic,0.4467,7,0.0,0.0,0.0,0.0,,0.2233,
CX-3321,"[TRELLO] Set Start/End Dates as optional and support ""N/A"" for MSA contracts",Varun Wilson,2026-05-13T12:46:00.260+0530,2026-06-09T21:27:50.006+0530,TrelloTickets,TRUE,d8ff22aff01306fcd5b3d4304ed53e0d0366a863,Connexus-inc/connexus-web-api,2026-06-03T10:18:10+05:30,basimneoito,Merge pull request #2035 from Connexus-inc/fix/msa-date-edits,0.4426,8,0.0,0.0,0.0,0.0,,0.2213,
CX-3350,Change the password reset email text from 24hours to one hour as the current expiry is set to one hour in cognito,Vysakh R J,2026-05-18T11:42:23.905+0530,2026-05-19T13:01:12.285+0530,,,b82d37fd65c7d4fdac26db38e0d0a69709f00230,Connexus-inc/connexus-web-client,2026-02-24T16:53:09+05:30,rakhesh.j,fix(templates): generate password email template ui fix,0.4476,1,0.0,0.0,0.0,0.0,,0.2238,
CX-3350,Change the password reset email text from 24hours to one hour as the current expiry is set to one hour in cognito,Vysakh R J,2026-05-18T11:42:23.905+0530,2026-05-19T13:01:12.285+0530,,,79160298d3d3bb2037c5a7130a9137cb834372f5,Connexus-inc/connexus-web-api,2026-02-26T14:16:47+05:30,Vysakh RJ,fix:  changed templates,0.4323,2,0.0,0.0,0.0,0.0,,0.2162,
CX-3350,Change the password reset email text from 24hours to one hour as the current expiry is set to one hour in cognito,Vysakh R J,2026-05-18T11:42:23.905+0530,2026-05-19T13:01:12.285+0530,,,2691f593c6c66e11e3ca82c096fd9f964212af19,Connexus-inc/connexus-web-client,2026-02-24T16:56:39+05:30,varunw92,Merge pull request #1742 from Connexus-inc/fix/rfp_vendor_status_change_fix,0.4258,3,0.0,0.0,0.0,0.0,,0.2129,
CX-3350,Change the password reset email text from 24hours to one hour as the current expiry is set to one hour in cognito,Vysakh R J,2026-05-18T11:42:23.905+0530,2026-05-19T13:01:12.285+0530,,,daa9c315fb1b48c328ae3120df37aaebe3fb5efc,Connexus-inc/connexus-web-client,2026-02-26T12:00:39+05:30,rakhesh.j,fix(template): user inviation email template changes,0.4188,4,0.0,0.0,0.0,0.0,,0.2094,
CX-3350,Change the password reset email text from 24hours to one hour as the current expiry is set to one hour in cognito,Vysakh R J,2026-05-18T11:42:23.905+0530,2026-05-19T13:01:12.285+0530,,,16eb8cc6c19605efa7ea76c93cf6ac0e2e271192,Connexus-inc/connexus-web-api,2026-04-28T13:15:30+05:30,basimneoito,Merge pull request #1905 from Connexus-inc/ajay/feat/email-template-expiry,0.4038,5,0.0,0.0,0.0,0.0,,0.2019,
CX-3350,Change the password reset email text from 24hours to one hour as the current expiry is set to one hour in cognito,Vysakh R J,2026-05-18T11:42:23.905+0530,2026-05-19T13:01:12.285+0530,,,0e267b21e47cf101b1879030e69aeaaff23cc687,Connexus-inc/connexus-web-api,2026-04-30T16:05:46+05:30,basimneoito,Merge pull request #1927 from Connexus-inc/fix-contract-expired-email-template-changes,0.372,6,0.0,0.0,0.0,0.0,,0.186,
CX-3350,Change the password reset email text from 24hours to one hour as the current expiry is set to one hour in cognito,Vysakh R J,2026-05-18T11:42:23.905+0530,2026-05-19T13:01:12.285+0530,,,e42e5f32c32cf2c3511ebea7f202a2f8b9904b44,Connexus-inc/connexus-web-api,2026-02-25T12:25:15+05:30,Raoof,fix: extend JWT challenge token expiration from 30 seconds to 2 minutes,0.3716,7,0.0,0.0,0.0,0.0,,0.1858,
CX-3350,Change the password reset email text from 24hours to one hour as the current expiry is set to one hour in cognito,Vysakh R J,2026-05-18T11:42:23.905+0530,2026-05-19T13:01:12.285+0530,,,ed1ebb75328186b29a7002829e1084108c26fb42,Connexus-inc/connexus-web-api,2026-02-17T14:29:39+05:30,Raoof,feat: add new email templates for basic and auto-renew contract expiration notifications and update template configuration,0.3591,8,0.0,0.0,0.0,0.0,,0.1796,
CX-3351,Add health check endpoints to sow-rfq and esign api,Varun Wilson,2026-05-18T12:02:50.005+0530,2026-05-21T10:40:21.045+0530,,,c2b2d1e10d97b47dc2862f93304fa219e44ce550,Connexus-inc/connexus-web-client,2026-05-11T13:53:43+05:30,Varun Wilson,fix: api udpated for get sow to post,0.4775,3,1.0,1.0,0.6,0.87,strong,0.6738,TRUE
CX-3351,Add health check endpoints to sow-rfq and esign api,Varun Wilson,2026-05-18T12:02:50.005+0530,2026-05-21T10:40:21.045+0530,,,a5774954b4d33e6187b161873023515213254e71,Connexus-inc/connexus-web-api,2026-01-29T11:47:57+05:30,Raoof,feat: add endpoint and service method for retrieving vendor stats by property in RFP,0.525,1,0.0,0.0,0.0,0.0,,0.2625,
CX-3351,Add health check endpoints to sow-rfq and esign api,Varun Wilson,2026-05-18T12:02:50.005+0530,2026-05-21T10:40:21.045+0530,,,16536c2a0b928cf39a9db27adab427d88d78f0e6,Connexus-inc/connexus-web-api,2026-01-09T18:56:27+05:30,Vysakh R J,feat: added rfpid for success responses,0.4973,2,0.0,0.0,0.0,0.0,,0.2486,
CX-3351,Add health check endpoints to sow-rfq and esign api,Varun Wilson,2026-05-18T12:02:50.005+0530,2026-05-21T10:40:21.045+0530,,,ed0e3bfd2e1f6a5eb21a14398dc7f4e81d026c2c,Connexus-inc/connexus-web-api,2026-02-25T16:30:15+05:30,vishnulink,Update sow-rfq.yml,0.4623,4,0.0,0.0,0.0,0.0,,0.2311,
CX-3351,Add health check endpoints to sow-rfq and esign api,Varun Wilson,2026-05-18T12:02:50.005+0530,2026-05-21T10:40:21.045+0530,,,dc5fdac0bad9fd87c35394bd6d2de65d8743c4af,Connexus-inc/connexus-web-client,2026-03-12T15:14:30+05:30,rakhesh.j,feat(esign): awarded rfp table filter and sor chagnes for contract sign status,0.462,5,0.0,0.0,0.0,0.0,,0.231,
CX-3351,Add health check endpoints to sow-rfq and esign api,Varun Wilson,2026-05-18T12:02:50.005+0530,2026-05-21T10:40:21.045+0530,,,71572dcae322b39125fc1920c616e0b9ebd430d6,Connexus-inc/connexus-web-api,2026-04-22T09:09:13+05:30,ajaydev,feat: send rfq to unsend active users,0.4427,6,0.0,0.0,0.0,0.0,,0.2213,
CX-3351,Add health check endpoints to sow-rfq and esign api,Varun Wilson,2026-05-18T12:02:50.005+0530,2026-05-21T10:40:21.045+0530,,,c479e99af7eb532de518370064be54bd59df1bf8,Connexus-inc/connexus-web-api,2026-04-08T13:05:43+05:30,vishnulink,Update sow-rfq.yml,0.4422,7,0.0,0.0,0.0,0.0,,0.2211,
CX-3351,Add health check endpoints to sow-rfq and esign api,Varun Wilson,2026-05-18T12:02:50.005+0530,2026-05-21T10:40:21.045+0530,,,c59b54d9c52cfcf7addbb75b148ce30e962bc1eb,Connexus-inc/connexus-web-api,2026-04-08T12:21:12+05:30,vishnulink,Update sow-rfq.yml,0.4422,8,0.0,0.0,0.0,0.0,,0.2211,
CX-3352,Automated email reminders are not being sent for pending E-Sign documents,Srilakshmi Sivan,2026-05-18T19:29:09.551+0530,2026-06-16T10:54:03.860+0530,TrelloTickets,TRUE,45323df1c0a3fe532c03e03018fa389adebc8450,Connexus-inc/connexus-web-api,2026-04-16T13:09:03+05:30,basimneoito,Merge pull request #1861 from Connexus-inc/workflow-var-updates-prod,0.6396,1,0.0,0.0,0.0,0.0,,0.3198,
CX-3352,Automated email reminders are not being sent for pending E-Sign documents,Srilakshmi Sivan,2026-05-18T19:29:09.551+0530,2026-06-16T10:54:03.860+0530,TrelloTickets,TRUE,3d95da8ca861f13614bc37662cc7d08ae68bafcf,Connexus-inc/connexus-web-api,2026-03-24T17:45:42+05:30,Raoof,feat(e-sign): rewrite signing reminder for recurring 2-day UTC logic,0.634,2,0.0,0.0,0.0,0.0,,0.317,
CX-3352,Automated email reminders are not being sent for pending E-Sign documents,Srilakshmi Sivan,2026-05-18T19:29:09.551+0530,2026-06-16T10:54:03.860+0530,TrelloTickets,TRUE,3209ebd4f89e6d6fbfe8de6a2cfb296c100ffaaa,Connexus-inc/connexus-web-api,2026-03-31T18:11:20+05:30,Raoof,chore: reminder script updates,0.6324,3,0.0,0.0,0.0,0.0,,0.3162,
CX-3352,Automated email reminders are not being sent for pending E-Sign documents,Srilakshmi Sivan,2026-05-18T19:29:09.551+0530,2026-06-16T10:54:03.860+0530,TrelloTickets,TRUE,25f90a3066885c86d2126727e5cd8bf4fd188122,Connexus-inc/connexus-web-api,2026-04-09T15:49:37+05:30,Raoof,refactor(signing-reminder): update reminder logic to include VIEWED status and increase concurrency,0.5838,4,0.0,0.0,0.0,0.0,,0.2919,
CX-3352,Automated email reminders are not being sent for pending E-Sign documents,Srilakshmi Sivan,2026-05-18T19:29:09.551+0530,2026-06-16T10:54:03.860+0530,TrelloTickets,TRUE,3f7e655b6f2ab873c36fe0cfbd272ad1c24f5eb9,Connexus-inc/connexus-web-api,2026-03-26T16:23:49+05:30,Raoof,feat(signing-reminders): add signing reminder job script and enhance logging,0.5756,5,0.0,0.0,0.0,0.0,,0.2878,
CX-3352,Automated email reminders are not being sent for pending E-Sign documents,Srilakshmi Sivan,2026-05-18T19:29:09.551+0530,2026-06-16T10:54:03.860+0530,TrelloTickets,TRUE,9d03b0109aaa2dbd6091f4c74150d5a73792f94a,Connexus-inc/connexus-web-api,2026-03-24T16:29:26+05:30,Raoof,docs(e-sign): add recurring signing reminder design spec,0.5699,6,0.0,0.0,0.0,0.0,,0.285,
CX-3352,Automated email reminders are not being sent for pending E-Sign documents,Srilakshmi Sivan,2026-05-18T19:29:09.551+0530,2026-06-16T10:54:03.860+0530,TrelloTickets,TRUE,f0a227d688612242485604587c0d42e3b2732eb5,Connexus-inc/connexus-web-api,2026-03-31T16:49:10+05:30,basimneoito,Merge pull request #1791 from Connexus-inc/cx-esign,0.5654,7,0.0,0.0,0.0,0.0,,0.2827,
CX-3352,Automated email reminders are not being sent for pending E-Sign documents,Srilakshmi Sivan,2026-05-18T19:29:09.551+0530,2026-06-16T10:54:03.860+0530,TrelloTickets,TRUE,d94c0f8921fd20e7fbb85d9f599b6adc8bbb9f75,Connexus-inc/connexus-web-api,2026-04-07T19:07:40+05:30,Raoof,fix(signing-reminder): update query to include only SENT and PARTIALLY_SIGNED records for pending signer reminders,0.5369,8,0.0,0.0,0.0,0.0,,0.2684,
CX-3353,Vendor Required License & Verified Status Inline Edit via Connexus user ,Varun Wilson,2026-05-18T19:44:24.535+0530,2026-07-01T13:49:33.441+0530,,,f1274a2a9d97d581cd05427455fbff8091468b5f,Connexus-inc/connexus-web-api,2026-06-02T10:06:46+05:30,basimneoito,Merge pull request #2034 from Connexus-inc/feat/vendor-connection-updates,0.6185,1,0.0,0.0,0.0,0.0,,0.3093,
CX-3353,Vendor Required License & Verified Status Inline Edit via Connexus user ,Varun Wilson,2026-05-18T19:44:24.535+0530,2026-07-01T13:49:33.441+0530,,,61780ce9df87602c1d736b26892344d62893d945,Connexus-inc/connexus-web-api,2026-06-03T17:37:43+05:30,basimneoito,Merge pull request #2046 from Connexus-inc/fix/vendor-business-verified,0.6122,2,0.0,0.0,0.0,0.0,,0.3061,
CX-3353,Vendor Required License & Verified Status Inline Edit via Connexus user ,Varun Wilson,2026-05-18T19:44:24.535+0530,2026-07-01T13:49:33.441+0530,,,2d082c8adc57d22d6e22273286e15ae31c3d6051,Connexus-inc/connexus-web-client,2026-05-21T10:59:46+05:30,varunw92,Merge pull request #2078 from Connexus-inc/feat/vendor-compliance-base-admin,0.6106,3,0.0,0.0,0.0,0.0,,0.3053,
CX-3353,Vendor Required License & Verified Status Inline Edit via Connexus user ,Varun Wilson,2026-05-18T19:44:24.535+0530,2026-07-01T13:49:33.441+0530,,,3677acd1bfb76f55bb0e31a7a0481f5864943531,Connexus-inc/connexus-web-api,2026-06-02T15:47:44+05:30,Varun Wilson,feat: add conflict exception for incomplete vendor onboarding in ClientVendorsService,0.6082,4,0.0,0.0,0.0,0.0,,0.3041,
CX-3353,Vendor Required License & Verified Status Inline Edit via Connexus user ,Varun Wilson,2026-05-18T19:44:24.535+0530,2026-07-01T13:49:33.441+0530,,,d01b7bcd1d8d389d7dc6ed546f700061e6f01e0c,Connexus-inc/connexus-web-client,2026-06-02T12:21:13+05:30,varunw92,Merge pull request #2128 from Connexus-inc/feat/client-vendor-admin-edit,0.6052,5,0.0,0.0,0.0,0.0,,0.3026,
CX-3353,Vendor Required License & Verified Status Inline Edit via Connexus user ,Varun Wilson,2026-05-18T19:44:24.535+0530,2026-07-01T13:49:33.441+0530,,,ccfb291b41f05c50a5d543d7681ae2ef3eb986c8,Connexus-inc/connexus-web-client,2026-05-27T13:23:23+05:30,varunw92,Merge pull request #2098 from Connexus-inc/feat/vendor-confirm-page,0.603,6,0.0,0.0,0.0,0.0,,0.3015,
CX-3353,Vendor Required License & Verified Status Inline Edit via Connexus user ,Varun Wilson,2026-05-18T19:44:24.535+0530,2026-07-01T13:49:33.441+0530,,,735260381e4038431df4bfac44c2d9a9b65171cf,Connexus-inc/connexus-web-api,2026-05-06T16:08:35+05:30,basimneoito,Merge pull request #1946 from Connexus-inc/fix/cx-3285-vendor-onbrd-updates,0.5894,7,0.0,0.0,0.0,0.0,,0.2947,
CX-3353,Vendor Required License & Verified Status Inline Edit via Connexus user ,Varun Wilson,2026-05-18T19:44:24.535+0530,2026-07-01T13:49:33.441+0530,,,d0ff603112d98521900981e1afe6bf4b911fe256,Connexus-inc/connexus-web-client,2026-06-19T14:28:32+05:30,varunw92,Merge pull request #2180 from Connexus-inc/fix/update-business-verified,0.5843,8,0.0,0.0,0.0,0.0,,0.2921,
CX-3375,Remove OTEL matrices collection for dev test and stage,Vysakh R J,2026-05-21T12:09:46.450+0530,2026-06-16T10:44:23.350+0530,,,ee7d81f6c4388f435a377df38f11b5d82801a757,Connexus-inc/connexus-web-client,2026-02-27T14:08:33+05:30,Vysakh R J,Merge branch 'stage' into test,0.3828,1,0.0,0.0,0.0,0.0,,0.1914,
CX-3375,Remove OTEL matrices collection for dev test and stage,Vysakh R J,2026-05-21T12:09:46.450+0530,2026-06-16T10:44:23.350+0530,,,862a37eaec08cbc6ca31a139fc55d5bd4eb6dfc8,Connexus-inc/connexus-web-client,2026-06-01T17:42:21+05:30,Varun Wilson,fix: skills updates,0.3426,2,0.0,0.0,0.0,0.0,,0.1713,
CX-3375,Remove OTEL matrices collection for dev test and stage,Vysakh R J,2026-05-21T12:09:46.450+0530,2026-06-16T10:44:23.350+0530,,,34dfc7fe694fe8a8a96cf16460332261c2c303dd,Connexus-inc/connexus-web-api,2026-06-10T14:01:02+05:30,Vysakh R J,docs(cleanup): add implementation plan for orphan client-vendor connection cleanup,0.3345,3,0.0,0.0,0.0,0.0,,0.1673,
CX-3375,Remove OTEL matrices collection for dev test and stage,Vysakh R J,2026-05-21T12:09:46.450+0530,2026-06-16T10:44:23.350+0530,,,2afa32f2e9388720ae250a48a0cd85e6a37efe2e,Connexus-inc/connexus-web-api,2026-05-01T00:06:02+05:30,Raoof,chore: update OTLP endpoint configuration across multiple workflows to use test environment variable,0.3319,4,0.0,0.0,0.0,0.0,,0.1659,
CX-3375,Remove OTEL matrices collection for dev test and stage,Vysakh R J,2026-05-21T12:09:46.450+0530,2026-06-16T10:44:23.350+0530,,,f18abafad562e66103710aacd8c7eaa6b266ceed,Connexus-inc/connexus-web-api,2026-05-01T00:07:14+05:30,raoofneo,Merge pull request #1935 from Connexus-inc/observablity-and-logs,0.3293,5,0.0,0.0,0.0,0.0,,0.1647,
CX-3375,Remove OTEL matrices collection for dev test and stage,Vysakh R J,2026-05-21T12:09:46.450+0530,2026-06-16T10:44:23.350+0530,,,8557c81f9b44a3d0bebdbe091c941a92a24c6356,Connexus-inc/connexus-web-api,2026-06-01T14:24:23+05:30,vishnulink,Merge branch 'test' into dev,0.313,6,0.0,0.0,0.0,0.0,,0.1565,
CX-3375,Remove OTEL matrices collection for dev test and stage,Vysakh R J,2026-05-21T12:09:46.450+0530,2026-06-16T10:44:23.350+0530,,,b3de869c51fd2c11d1ee1728b2a7c21392f68ce8,Connexus-inc/connexus-web-api,2026-03-16T17:50:36+05:30,Vysakh R J,Merge branch 'test' into dev,0.313,7,0.0,0.0,0.0,0.0,,0.1565,
CX-3375,Remove OTEL matrices collection for dev test and stage,Vysakh R J,2026-05-21T12:09:46.450+0530,2026-06-16T10:44:23.350+0530,,,7c178c2b0a57b33b317b95602abbb1960fea44d1,Connexus-inc/connexus-web-api,2026-05-04T13:58:14+05:30,AJAY DEV,Merge branch 'prod' into stage,0.3065,8,0.0,0.0,0.0,0.0,,0.1532,
CX-3376,New Staging Infra dev side additional work,Vysakh R J,2026-05-22T09:38:11.318+0530,2026-06-30T10:37:46.924+0530,,,f6b63ee11b922d79041595533d4d4f59fa0af692,Connexus-inc/connexus-web-api,2026-01-16T17:01:21+05:30,Raoof,chore: update NODE_ENV from 'stage' to 'staging' in the notifications workflow,0.5307,1,0.0,0.0,0.0,0.0,,0.2654,
CX-3376,New Staging Infra dev side additional work,Vysakh R J,2026-05-22T09:38:11.318+0530,2026-06-30T10:37:46.924+0530,,,7c178c2b0a57b33b317b95602abbb1960fea44d1,Connexus-inc/connexus-web-api,2026-05-04T13:58:14+05:30,AJAY DEV,Merge branch 'prod' into stage,0.5152,2,0.0,0.0,0.0,0.0,,0.2576,
CX-3376,New Staging Infra dev side additional work,Vysakh R J,2026-05-22T09:38:11.318+0530,2026-06-30T10:37:46.924+0530,,,f822c5849871f2f2e536451253f2448d56b69421,Connexus-inc/connexus-web-client,2026-04-11T12:01:11+05:30,Vysakh R J,fix: generic window origin,0.4586,3,0.0,0.0,0.0,0.0,,0.2293,
CX-3376,New Staging Infra dev side additional work,Vysakh R J,2026-05-22T09:38:11.318+0530,2026-06-30T10:37:46.924+0530,,,ee7d81f6c4388f435a377df38f11b5d82801a757,Connexus-inc/connexus-web-client,2026-02-27T14:08:33+05:30,Vysakh R J,Merge branch 'stage' into test,0.4469,4,0.0,0.0,0.0,0.0,,0.2234,
CX-3376,New Staging Infra dev side additional work,Vysakh R J,2026-05-22T09:38:11.318+0530,2026-06-30T10:37:46.924+0530,,,c79240473d5c9123bda986ac4f9bdc200cd2399c,Connexus-inc/connexus-web-client,2026-02-27T10:59:55+05:30,Vysakh R J,fix: google login,0.4459,5,0.0,0.0,0.0,0.0,,0.2229,
CX-3376,New Staging Infra dev side additional work,Vysakh R J,2026-05-22T09:38:11.318+0530,2026-06-30T10:37:46.924+0530,,,5b8de579ef4cdfcfb179b4a0471089aaf1650aa6,Connexus-inc/connexus-web-client,2026-03-18T15:35:33+05:30,varunw92,Merge pull request #1856 from Connexus-inc/fix/e-sign-rewamp-cx-3013,0.4404,6,0.0,0.0,0.0,0.0,,0.2202,
CX-3376,New Staging Infra dev side additional work,Vysakh R J,2026-05-22T09:38:11.318+0530,2026-06-30T10:37:46.924+0530,,,ccaaeb844766cd14a5d3ae1fae8e98d0420cd4f6,Connexus-inc/connexus-web-api,2026-01-16T15:09:31+05:30,Raoof,ci: update `NODE_ENV` from `development` to `stage` in the notifications workflow,0.4393,7,0.0,0.0,0.0,0.0,,0.2196,
CX-3376,New Staging Infra dev side additional work,Vysakh R J,2026-05-22T09:38:11.318+0530,2026-06-30T10:37:46.924+0530,,,aa06218cd6ba11bd6964aef96b72b472e3662ce5,Connexus-inc/connexus-web-api,2026-02-25T14:00:36+05:30,vishnulink,Merge branch 'prod' into stage,0.4311,8,0.0,0.0,0.0,0.0,,0.2156,
CX-3382,"[TRELLO] Accepted RFP position drops to middle/bottom after clicking ""Accept"" on multi-property lists",ajay.dev,2026-05-25T12:01:48.721+0530,2026-06-15T19:03:53.435+0530,RFP;TrelloTickets,,2704955ab5c9d5198e0a97326ffc05147859b118,Connexus-inc/connexus-web-api,2026-06-03T20:24:09+05:30,basimneoito,Merge pull request #2057 from Connexus-inc/ajay/fix/rfp-list-sort,0.4799,1,0.0,0.0,0.0,0.0,,0.2399,
CX-3382,"[TRELLO] Accepted RFP position drops to middle/bottom after clicking ""Accept"" on multi-property lists",ajay.dev,2026-05-25T12:01:48.721+0530,2026-06-15T19:03:53.435+0530,RFP;TrelloTickets,,cbb13124029cd2093acf5e8631e3d88c855594fc,Connexus-inc/connexus-web-client,2026-02-04T21:17:19+05:30,basimneoito,Merge pull request #1633 from Connexus-inc/feat/ppt_insurance_mock_ui_update,0.44,2,0.0,0.0,0.0,0.0,,0.22,
CX-3382,"[TRELLO] Accepted RFP position drops to middle/bottom after clicking ""Accept"" on multi-property lists",ajay.dev,2026-05-25T12:01:48.721+0530,2026-06-15T19:03:53.435+0530,RFP;TrelloTickets,,2975083090f36f5a86c42f589da1f0610dee5467,Connexus-inc/connexus-web-client,2026-06-23T14:19:34+05:30,varunw92,Merge pull request #2188 from Connexus-inc/feat/bid-submission-changes,0.4398,3,0.0,0.0,0.0,0.0,,0.2199,
CX-3382,"[TRELLO] Accepted RFP position drops to middle/bottom after clicking ""Accept"" on multi-property lists",ajay.dev,2026-05-25T12:01:48.721+0530,2026-06-15T19:03:53.435+0530,RFP;TrelloTickets,,d2198e3ccd3df3be2c986d70d4595c4c292d480e,Connexus-inc/connexus-web-client,2026-06-03T17:27:18+05:30,varunw92,Merge pull request #2136 from Connexus-inc/feat/vendor-confirm-page,0.4354,4,0.0,0.0,0.0,0.0,,0.2177,
CX-3382,"[TRELLO] Accepted RFP position drops to middle/bottom after clicking ""Accept"" on multi-property lists",ajay.dev,2026-05-25T12:01:48.721+0530,2026-06-15T19:03:53.435+0530,RFP;TrelloTickets,,0a26c2dade1fb60b736e9f082fbe02d88c2590fa,Connexus-inc/connexus-web-client,2026-02-03T13:24:07+05:30,rakhesh.j,fix(rfp): ui issue fix in accordion of rfp details,0.4337,5,0.0,0.0,0.0,0.0,,0.2168,
CX-3382,"[TRELLO] Accepted RFP position drops to middle/bottom after clicking ""Accept"" on multi-property lists",ajay.dev,2026-05-25T12:01:48.721+0530,2026-06-15T19:03:53.435+0530,RFP;TrelloTickets,,0ca8be7389fddf6e6f856036839b2b8a0390eb2c,Connexus-inc/connexus-web-client,2026-04-29T12:51:23+05:30,varunw92,Merge pull request #2026 from Connexus-inc/feat/resend-rfp,0.4296,6,0.0,0.0,0.0,0.0,,0.2148,
CX-3382,"[TRELLO] Accepted RFP position drops to middle/bottom after clicking ""Accept"" on multi-property lists",ajay.dev,2026-05-25T12:01:48.721+0530,2026-06-15T19:03:53.435+0530,RFP;TrelloTickets,,5242d300945fbd1e765a95371fee8deda5427099,Connexus-inc/connexus-web-api,2026-04-29T14:29:49+05:30,basimneoito,Merge pull request #1916 from Connexus-inc/ajay/fix/unsend-page,0.4174,7,0.0,0.0,0.0,0.0,,0.2087,
CX-3382,"[TRELLO] Accepted RFP position drops to middle/bottom after clicking ""Accept"" on multi-property lists",ajay.dev,2026-05-25T12:01:48.721+0530,2026-06-15T19:03:53.435+0530,RFP;TrelloTickets,,0fd89dd3d763b9731876974ff7e631b3b4e33698,Connexus-inc/connexus-web-client,2026-04-22T17:21:07+05:30,Ramesh P R,fix: ui fix - table scroll and updated navigation,0.4116,8,0.0,0.0,0.0,0.0,,0.2058,
CX-3385,"Vendor Invite & Confirm Vendor Details Forms - Legal Name, Website, and Services Fields Are Not Auto-Populated",Vysakh R J,2026-05-25T16:27:38.069+0530,2026-06-03T19:27:19.666+0530,VendorInvite,,a527bb94c2b5bd690690e3cbe66bb7af19031c9d,Connexus-inc/connexus-web-client,2026-06-01T16:23:25+05:30,Ramesh P R,fix: bug fixes for vendor invite form fields,0.5064,1,0.0,0.0,0.0,0.0,,0.2532,
CX-3385,"Vendor Invite & Confirm Vendor Details Forms - Legal Name, Website, and Services Fields Are Not Auto-Populated",Vysakh R J,2026-05-25T16:27:38.069+0530,2026-06-03T19:27:19.666+0530,VendorInvite,,9b7ea263ecfa58ebd8a4dd0dc53f24147d2e7e04,Connexus-inc/connexus-web-client,2026-03-17T10:16:37+05:30,Varun Wilson,fix: signing initial setup,0.506,2,0.0,0.0,0.0,0.0,,0.253,
CX-3385,"Vendor Invite & Confirm Vendor Details Forms - Legal Name, Website, and Services Fields Are Not Auto-Populated",Vysakh R J,2026-05-25T16:27:38.069+0530,2026-06-03T19:27:19.666+0530,VendorInvite,,fb584c608408ab4d9c603a4d270169f3591c433b,Connexus-inc/connexus-web-client,2026-06-01T17:40:25+05:30,varunw92,Merge pull request #2122 from Connexus-inc/fix/vendor-invite-fixes,0.482,3,0.0,0.0,0.0,0.0,,0.241,
CX-3385,"Vendor Invite & Confirm Vendor Details Forms - Legal Name, Website, and Services Fields Are Not Auto-Populated",Vysakh R J,2026-05-25T16:27:38.069+0530,2026-06-03T19:27:19.666+0530,VendorInvite,,dde8612b514cdc21b2c6ac1076d1e37274c044ec,Connexus-inc/connexus-web-client,2026-06-01T15:08:50+05:30,Ramesh P R,fix: added autofill for primary contacts in vendor invite,0.4778,4,0.0,0.0,0.0,0.0,,0.2389,
CX-3385,"Vendor Invite & Confirm Vendor Details Forms - Legal Name, Website, and Services Fields Are Not Auto-Populated",Vysakh R J,2026-05-25T16:27:38.069+0530,2026-06-03T19:27:19.666+0530,VendorInvite,,9207e67c8d244e0da4feab6958ce4e758fa28dab,Connexus-inc/connexus-web-api,2026-06-03T12:55:28+05:30,Varun Wilson,feat: add legal name validation to prevent duplicate vendor entries,0.4769,5,0.0,0.0,0.0,0.0,,0.2385,
CX-3385,"Vendor Invite & Confirm Vendor Details Forms - Legal Name, Website, and Services Fields Are Not Auto-Populated",Vysakh R J,2026-05-25T16:27:38.069+0530,2026-06-03T19:27:19.666+0530,VendorInvite,,af3b06447af2123c9dd33140ad33007bfd582aec,Connexus-inc/connexus-web-client,2026-06-04T13:15:05+05:30,rakhesh.j,feat(venor-compliance): pr comments fix,0.4515,6,0.0,0.0,0.0,0.0,,0.2258,
CX-3385,"Vendor Invite & Confirm Vendor Details Forms - Legal Name, Website, and Services Fields Are Not Auto-Populated",Vysakh R J,2026-05-25T16:27:38.069+0530,2026-06-03T19:27:19.666+0530,VendorInvite,,f68af6d450f3924db24726416275b9e2a12429bc,Connexus-inc/connexus-web-api,2026-05-25T18:49:08+05:30,Vysakh R J,feat: made stateIds non mandatory,0.4497,7,0.0,0.0,0.0,0.0,,0.2248,
CX-3385,"Vendor Invite & Confirm Vendor Details Forms - Legal Name, Website, and Services Fields Are Not Auto-Populated",Vysakh R J,2026-05-25T16:27:38.069+0530,2026-06-03T19:27:19.666+0530,VendorInvite,,c9ae6282cf8eda6133efe0de47aa1fa0a3c98cbd,Connexus-inc/connexus-web-api,2026-06-10T14:01:03+05:30,Vysakh R J,refactor(scripts): drop contracts and msa sources from client-vendor backfill,0.4494,8,0.0,0.0,0.0,0.0,,0.2247,
CX-3386,Coverage States Field Should Be Hidden in Invite Vendor Form,Vysakh R J,2026-05-25T16:42:30.694+0530,2026-05-29T11:07:05.429+0530,VendotInvite,TRUE,455b5466c26efa79d191e580f9fac2c9ebf5b7b9,Connexus-inc/connexus-web-client,2026-05-25T17:24:07+05:30,Ramesh P R,fix: removed the coverage states from invite vendor form,0.5487,1,0.0,0.0,0.0,0.0,,0.2743,
CX-3386,Coverage States Field Should Be Hidden in Invite Vendor Form,Vysakh R J,2026-05-25T16:42:30.694+0530,2026-05-29T11:07:05.429+0530,VendotInvite,TRUE,a527bb94c2b5bd690690e3cbe66bb7af19031c9d,Connexus-inc/connexus-web-client,2026-06-01T16:23:25+05:30,Ramesh P R,fix: bug fixes for vendor invite form fields,0.4727,2,0.0,0.0,0.0,0.0,,0.2363,
CX-3386,Coverage States Field Should Be Hidden in Invite Vendor Form,Vysakh R J,2026-05-25T16:42:30.694+0530,2026-05-29T11:07:05.429+0530,VendotInvite,TRUE,f68af6d450f3924db24726416275b9e2a12429bc,Connexus-inc/connexus-web-api,2026-05-25T18:49:08+05:30,Vysakh R J,feat: made stateIds non mandatory,0.4682,3,0.0,0.0,0.0,0.0,,0.2341,
CX-3386,Coverage States Field Should Be Hidden in Invite Vendor Form,Vysakh R J,2026-05-25T16:42:30.694+0530,2026-05-29T11:07:05.429+0530,VendotInvite,TRUE,9207e67c8d244e0da4feab6958ce4e758fa28dab,Connexus-inc/connexus-web-api,2026-06-03T12:55:28+05:30,Varun Wilson,feat: add legal name validation to prevent duplicate vendor entries,0.467,4,0.0,0.0,0.0,0.0,,0.2335,
CX-3386,Coverage States Field Should Be Hidden in Invite Vendor Form,Vysakh R J,2026-05-25T16:42:30.694+0530,2026-05-29T11:07:05.429+0530,VendotInvite,TRUE,01d1dd39cdfbd8926089764ddcee227a01510123,Connexus-inc/connexus-web-api,2026-06-09T00:57:48+05:30,Vysakh R J,docs(client-vendors): add invite-status check design spec and implementation plan,0.4665,5,0.0,0.0,0.0,0.0,,0.2333,
CX-3386,Coverage States Field Should Be Hidden in Invite Vendor Form,Vysakh R J,2026-05-25T16:42:30.694+0530,2026-05-29T11:07:05.429+0530,VendotInvite,TRUE,f2345dd208d07436b06a07399064b43b6c533071,Connexus-inc/connexus-web-client,2026-05-25T17:32:22+05:30,varunw92,Merge pull request #2090 from Connexus-inc/fix/cx-3386,0.4615,6,0.0,0.0,0.0,0.0,,0.2307,
CX-3386,Coverage States Field Should Be Hidden in Invite Vendor Form,Vysakh R J,2026-05-25T16:42:30.694+0530,2026-05-29T11:07:05.429+0530,VendotInvite,TRUE,077d80376a73d1c9d488573b8f0210f3b6297c0a,Connexus-inc/connexus-web-client,2026-06-23T13:55:57+05:30,Ramesh P R,fix: updated the property type of coverage field,0.4501,7,0.0,0.0,0.0,0.0,,0.2251,
CX-3386,Coverage States Field Should Be Hidden in Invite Vendor Form,Vysakh R J,2026-05-25T16:42:30.694+0530,2026-05-29T11:07:05.429+0530,VendotInvite,TRUE,34ab18e19844ae61fc033c413e01383960f53df6,Connexus-inc/connexus-web-api,2026-06-23T10:24:34+05:30,Vysakh R J,fix: issues with client-vendor listing,0.4463,8,0.0,0.0,0.0,0.0,,0.2232,
CX-3387,Child Workspace Displays Parent Client Vendors Instead of Child Vendors while workspace switching,Vysakh R J,2026-05-25T16:49:58.672+0530,2026-06-11T19:18:25.591+0530,VendorRegistration,,c30a305b989331c6d23e8db8a51ac2e867932cfb,Connexus-inc/connexus-web-api,2026-05-26T21:53:58+05:30,Vysakh R J,Merge pull request #2013 from Connexus-inc/feat-client-vendor-workspace-setup,0.4546,3,1.0,1.0,0.529,0.856,strong,0.6553,TRUE
CX-3387,Child Workspace Displays Parent Client Vendors Instead of Child Vendors while workspace switching,Vysakh R J,2026-05-25T16:49:58.672+0530,2026-06-11T19:18:25.591+0530,VendorRegistration,,bd82b678646d72a3e27b6374de11de443544115a,Connexus-inc/connexus-web-api,2026-06-10T14:01:02+05:30,Vysakh R J,docs(cleanup): add design for orphan client-vendor connection cleanup,0.469,1,0.0,0.0,0.0,0.0,,0.2345,
CX-3387,Child Workspace Displays Parent Client Vendors Instead of Child Vendors while workspace switching,Vysakh R J,2026-05-25T16:49:58.672+0530,2026-06-11T19:18:25.591+0530,VendorRegistration,,6b3cfce74ffc796c5e718a8e49130201bda251e1,Connexus-inc/connexus-web-client,2026-06-01T15:25:21+05:30,varunw92,Merge pull request #2119 from Connexus-inc/feat-client-vendor-workspace,0.4658,2,0.0,0.0,0.0,0.0,,0.2329,
CX-3387,Child Workspace Displays Parent Client Vendors Instead of Child Vendors while workspace switching,Vysakh R J,2026-05-25T16:49:58.672+0530,2026-06-11T19:18:25.591+0530,VendorRegistration,,c9ae6282cf8eda6133efe0de47aa1fa0a3c98cbd,Connexus-inc/connexus-web-api,2026-06-10T14:01:03+05:30,Vysakh R J,refactor(scripts): drop contracts and msa sources from client-vendor backfill,0.438,4,0.0,0.0,0.0,0.0,,0.219,
CX-3387,Child Workspace Displays Parent Client Vendors Instead of Child Vendors while workspace switching,Vysakh R J,2026-05-25T16:49:58.672+0530,2026-06-11T19:18:25.591+0530,VendorRegistration,,88a16ff2b384433abba951b8b3e04545299331eb,Connexus-inc/connexus-web-client,2026-01-27T22:34:47+05:30,varunw92,Merge pull request #1588 from Connexus-inc/vendor-to-profile-vendorview,0.4149,5,0.0,0.0,0.0,0.0,,0.2075,
CX-3387,Child Workspace Displays Parent Client Vendors Instead of Child Vendors while workspace switching,Vysakh R J,2026-05-25T16:49:58.672+0530,2026-06-11T19:18:25.591+0530,VendorRegistration,,3677acd1bfb76f55bb0e31a7a0481f5864943531,Connexus-inc/connexus-web-api,2026-06-02T15:47:44+05:30,Varun Wilson,feat: add conflict exception for incomplete vendor onboarding in ClientVendorsService,0.405,6,0.0,0.0,0.0,0.0,,0.2025,
CX-3387,Child Workspace Displays Parent Client Vendors Instead of Child Vendors while workspace switching,Vysakh R J,2026-05-25T16:49:58.672+0530,2026-06-11T19:18:25.591+0530,VendorRegistration,,34dfc7fe694fe8a8a96cf16460332261c2c303dd,Connexus-inc/connexus-web-api,2026-06-10T14:01:02+05:30,Vysakh R J,docs(cleanup): add implementation plan for orphan client-vendor connection cleanup,0.4015,7,0.0,0.0,0.0,0.0,,0.2007,
CX-3387,Child Workspace Displays Parent Client Vendors Instead of Child Vendors while workspace switching,Vysakh R J,2026-05-25T16:49:58.672+0530,2026-06-11T19:18:25.591+0530,VendorRegistration,,0f4c05d8d5b36c9992912eec4f1858a46cc6a2f8,Connexus-inc/connexus-web-api,2026-02-16T13:50:24+05:30,Raoof,feat: enable vendor matching for branches and franchises to inherit services from their parent company,0.397,8,0.0,0.0,0.0,0.0,,0.1985,
CX-3388,Duplicate Vendor Entry Created When Inviting Existing Current Vendor for ConnexUs Verify,rameshpr,2026-05-25T16:59:09.661+0530,2026-05-29T11:13:19.661+0530,VendotInvite,TRUE,d9a26ad86ee71b28f2c4a67e9b75e263c8fb6a85,Connexus-inc/connexus-web-client,2026-06-11T15:50:29+05:30,varunw92,Merge pull request #2157 from Connexus-inc/fix/vendor-invite-fixes,0.6975,1,0.0,0.0,0.0,0.0,,0.3487,
CX-3388,Duplicate Vendor Entry Created When Inviting Existing Current Vendor for ConnexUs Verify,rameshpr,2026-05-25T16:59:09.661+0530,2026-05-29T11:13:19.661+0530,VendotInvite,TRUE,ddd00d4cca4d7d0d3b8c524f877e2d78e73ef9d6,Connexus-inc/connexus-web-api,2026-05-25T14:28:40+05:30,Vysakh R J,Merge pull request #2005 from Connexus-inc/feat-vendor-invite-registration,0.6744,2,0.0,0.0,0.0,0.0,,0.3372,
CX-3388,Duplicate Vendor Entry Created When Inviting Existing Current Vendor for ConnexUs Verify,rameshpr,2026-05-25T16:59:09.661+0530,2026-05-29T11:13:19.661+0530,VendotInvite,TRUE,fb24be237344c91df9eb55b7035b0abff29f5a16,Connexus-inc/connexus-web-api,2026-06-09T12:04:47+05:30,AJAY DEV,Merge pull request #2017 from Connexus-inc/vendor-invitation-bugs,0.6304,3,0.0,0.0,0.0,0.0,,0.3152,
CX-3388,Duplicate Vendor Entry Created When Inviting Existing Current Vendor for ConnexUs Verify,rameshpr,2026-05-25T16:59:09.661+0530,2026-05-29T11:13:19.661+0530,VendotInvite,TRUE,bbed64fd797b1db5dbfc2ef58d665bfda1f6b118,Connexus-inc/connexus-web-client,2026-06-02T09:27:40+05:30,varunw92,Merge pull request #2124 from Connexus-inc/fix/vendor-invite-prefill,0.6173,4,0.0,0.0,0.0,0.0,,0.3087,
CX-3388,Duplicate Vendor Entry Created When Inviting Existing Current Vendor for ConnexUs Verify,rameshpr,2026-05-25T16:59:09.661+0530,2026-05-29T11:13:19.661+0530,VendotInvite,TRUE,9207e67c8d244e0da4feab6958ce4e758fa28dab,Connexus-inc/connexus-web-api,2026-06-03T12:55:28+05:30,Varun Wilson,feat: add legal name validation to prevent duplicate vendor entries,0.611,5,0.0,0.0,0.0,0.0,,0.3055,
CX-3388,Duplicate Vendor Entry Created When Inviting Existing Current Vendor for ConnexUs Verify,rameshpr,2026-05-25T16:59:09.661+0530,2026-05-29T11:13:19.661+0530,VendotInvite,TRUE,fed419c0718b2279902142d609f5bc89d3869571,Connexus-inc/connexus-web-api,2026-06-09T12:06:05+05:30,AJAY DEV,Merge pull request #2064 from Connexus-inc/feat/vendor-invite-status-check,0.6064,6,0.0,0.0,0.0,0.0,,0.3032,
CX-3388,Duplicate Vendor Entry Created When Inviting Existing Current Vendor for ConnexUs Verify,rameshpr,2026-05-25T16:59:09.661+0530,2026-05-29T11:13:19.661+0530,VendotInvite,TRUE,d0ff603112d98521900981e1afe6bf4b911fe256,Connexus-inc/connexus-web-client,2026-06-19T14:28:32+05:30,varunw92,Merge pull request #2180 from Connexus-inc/fix/update-business-verified,0.6018,7,0.0,0.0,0.0,0.0,,0.3009,
CX-3388,Duplicate Vendor Entry Created When Inviting Existing Current Vendor for ConnexUs Verify,rameshpr,2026-05-25T16:59:09.661+0530,2026-05-29T11:13:19.661+0530,VendotInvite,TRUE,56abb80a1065bf214c8fa325157cf6235261803e,Connexus-inc/connexus-web-client,2026-05-29T17:47:44+05:30,varunw92,Merge pull request #2109 from Connexus-inc/fix/vendor-invite-fixes,0.6008,8,0.0,0.0,0.0,0.0,,0.3004,
CX-3389,Preferred Vendors Not Displayed in Client Vendor Module,Vysakh R J,2026-05-25T17:08:39.329+0530,2026-06-01T12:59:27.167+0530,VendorRegistration,,88a16ff2b384433abba951b8b3e04545299331eb,Connexus-inc/connexus-web-client,2026-01-27T22:34:47+05:30,varunw92,Merge pull request #1588 from Connexus-inc/vendor-to-profile-vendorview,0.5479,1,0.0,0.0,0.0,0.0,,0.2739,
CX-3389,Preferred Vendors Not Displayed in Client Vendor Module,Vysakh R J,2026-05-25T17:08:39.329+0530,2026-06-01T12:59:27.167+0530,VendorRegistration,,580b711b22ff8535132a5d40077c5eb4b6e22906,Connexus-inc/connexus-web-client,2026-05-13T21:05:58+05:30,Varun Wilson,fix: initial config,0.5416,2,0.0,0.0,0.0,0.0,,0.2708,
CX-3389,Preferred Vendors Not Displayed in Client Vendor Module,Vysakh R J,2026-05-25T17:08:39.329+0530,2026-06-01T12:59:27.167+0530,VendorRegistration,,bd82b678646d72a3e27b6374de11de443544115a,Connexus-inc/connexus-web-api,2026-06-10T14:01:02+05:30,Vysakh R J,docs(cleanup): add design for orphan client-vendor connection cleanup,0.533,3,0.0,0.0,0.0,0.0,,0.2665,
CX-3389,Preferred Vendors Not Displayed in Client Vendor Module,Vysakh R J,2026-05-25T17:08:39.329+0530,2026-06-01T12:59:27.167+0530,VendorRegistration,,c9ae6282cf8eda6133efe0de47aa1fa0a3c98cbd,Connexus-inc/connexus-web-api,2026-06-10T14:01:03+05:30,Vysakh R J,refactor(scripts): drop contracts and msa sources from client-vendor backfill,0.514,4,0.0,0.0,0.0,0.0,,0.257,
CX-3389,Preferred Vendors Not Displayed in Client Vendor Module,Vysakh R J,2026-05-25T17:08:39.329+0530,2026-06-01T12:59:27.167+0530,VendorRegistration,,3677acd1bfb76f55bb0e31a7a0481f5864943531,Connexus-inc/connexus-web-api,2026-06-02T15:47:44+05:30,Varun Wilson,feat: add conflict exception for incomplete vendor onboarding in ClientVendorsService,0.508,5,0.0,0.0,0.0,0.0,,0.254,
CX-3389,Preferred Vendors Not Displayed in Client Vendor Module,Vysakh R J,2026-05-25T17:08:39.329+0530,2026-06-01T12:59:27.167+0530,VendorRegistration,,e9dbd5b60c10152537afcadcbdc873a6ba9ceba2,Connexus-inc/connexus-web-api,2026-06-10T14:01:03+05:30,Vysakh R J,fix(contracts): stop creating client-vendor connections from contracts and MSA,0.494,6,0.0,0.0,0.0,0.0,,0.247,
CX-3389,Preferred Vendors Not Displayed in Client Vendor Module,Vysakh R J,2026-05-25T17:08:39.329+0530,2026-06-01T12:59:27.167+0530,VendorRegistration,,80579a7e33f261434c6d7bc6d166f806a79095d0,Connexus-inc/connexus-web-api,2026-02-04T09:53:59+05:30,Raoof,feat: import `VendorStatuses` from `@prisma/client` in the potential vendors service,0.4766,7,0.0,0.0,0.0,0.0,,0.2383,
CX-3389,Preferred Vendors Not Displayed in Client Vendor Module,Vysakh R J,2026-05-25T17:08:39.329+0530,2026-06-01T12:59:27.167+0530,VendorRegistration,,aa4ccf893853917dac96f41064019f3ed0735372,Connexus-inc/connexus-web-api,2026-04-24T16:54:09+05:30,ajaydev,fix: sender,0.4764,8,0.0,0.0,0.0,0.0,,0.2382,
CX-3390,Existing Vendor Listing Does Not Display Website and ZIP Code,rameshpr,2026-05-25T17:17:43.289+0530,2026-06-01T13:44:10.170+0530,VendorRegistration,TRUE,fb24be237344c91df9eb55b7035b0abff29f5a16,Connexus-inc/connexus-web-api,2026-06-09T12:04:47+05:30,AJAY DEV,Merge pull request #2017 from Connexus-inc/vendor-invitation-bugs,0.4818,1,0.0,0.0,0.0,0.0,,0.2409,
CX-3390,Existing Vendor Listing Does Not Display Website and ZIP Code,rameshpr,2026-05-25T17:17:43.289+0530,2026-06-01T13:44:10.170+0530,VendorRegistration,TRUE,88a16ff2b384433abba951b8b3e04545299331eb,Connexus-inc/connexus-web-client,2026-01-27T22:34:47+05:30,varunw92,Merge pull request #1588 from Connexus-inc/vendor-to-profile-vendorview,0.4713,2,0.0,0.0,0.0,0.0,,0.2356,
CX-3390,Existing Vendor Listing Does Not Display Website and ZIP Code,rameshpr,2026-05-25T17:17:43.289+0530,2026-06-01T13:44:10.170+0530,VendorRegistration,TRUE,ed27f0da31b0fdd32fb6e8c33b3713df588282f3,Connexus-inc/connexus-web-client,2026-05-27T18:55:05+05:30,Ramesh P R,fix: vendor invite bug fixes,0.4571,3,0.0,0.0,0.0,0.0,,0.2285,
CX-3390,Existing Vendor Listing Does Not Display Website and ZIP Code,rameshpr,2026-05-25T17:17:43.289+0530,2026-06-01T13:44:10.170+0530,VendorRegistration,TRUE,d9a26ad86ee71b28f2c4a67e9b75e263c8fb6a85,Connexus-inc/connexus-web-client,2026-06-11T15:50:29+05:30,varunw92,Merge pull request #2157 from Connexus-inc/fix/vendor-invite-fixes,0.4552,4,0.0,0.0,0.0,0.0,,0.2276,
CX-3390,Existing Vendor Listing Does Not Display Website and ZIP Code,rameshpr,2026-05-25T17:17:43.289+0530,2026-06-01T13:44:10.170+0530,VendorRegistration,TRUE,108d0cc02cfb3bd3598a67dd3d5d8ed498a3964c,Connexus-inc/connexus-web-client,2026-05-29T11:30:12+05:30,varunw92,Merge pull request #2104 from Connexus-inc/fix/vendor-invite-fixes,0.4325,5,0.0,0.0,0.0,0.0,,0.2162,
CX-3390,Existing Vendor Listing Does Not Display Website and ZIP Code,rameshpr,2026-05-25T17:17:43.289+0530,2026-06-01T13:44:10.170+0530,VendorRegistration,TRUE,fb584c608408ab4d9c603a4d270169f3591c433b,Connexus-inc/connexus-web-client,2026-06-01T17:40:25+05:30,varunw92,Merge pull request #2122 from Connexus-inc/fix/vendor-invite-fixes,0.4248,6,0.0,0.0,0.0,0.0,,0.2124,
CX-3390,Existing Vendor Listing Does Not Display Website and ZIP Code,rameshpr,2026-05-25T17:17:43.289+0530,2026-06-01T13:44:10.170+0530,VendorRegistration,TRUE,8f8ad96de5f26ad5df8c67b877cb362ec8cd28c5,Connexus-inc/connexus-web-client,2026-06-22T12:49:01+05:30,Ramesh P R,fix: vendor invite flow fixes,0.4225,7,0.0,0.0,0.0,0.0,,0.2112,
CX-3390,Existing Vendor Listing Does Not Display Website and ZIP Code,rameshpr,2026-05-25T17:17:43.289+0530,2026-06-01T13:44:10.170+0530,VendorRegistration,TRUE,bbed64fd797b1db5dbfc2ef58d665bfda1f6b118,Connexus-inc/connexus-web-client,2026-06-02T09:27:40+05:30,varunw92,Merge pull request #2124 from Connexus-inc/fix/vendor-invite-prefill,0.4221,8,0.0,0.0,0.0,0.0,,0.211,
CX-3391,Sort Option Missing for Service and States Serviced Columns in Vendors Listing Page,Shini,2026-05-25T17:38:41.358+0530,2026-05-27T11:13:06.233+0530,VendotInvite,,5dd16c832aa7fe6126e9ce6df8680a81ea73ce89,Connexus-inc/connexus-web-api,2026-06-24T14:16:38+05:30,Vysakh R J,fix: added sort and filter,0.5648,2,0.0,1.0,0.429,0.436,speculative,0.5004,TRUE
CX-3391,Sort Option Missing for Service and States Serviced Columns in Vendors Listing Page,Shini,2026-05-25T17:38:41.358+0530,2026-05-27T11:13:06.233+0530,VendotInvite,,f688ac12a0855540f14c27dfb8dbf35606f708ff,Connexus-inc/connexus-web-api,2026-05-19T15:59:04+05:30,Vysakh R J,feat: added vendor filter and sort,0.5357,3,0.0,1.0,0.375,0.425,speculative,0.4804,TRUE
CX-3391,Sort Option Missing for Service and States Serviced Columns in Vendors Listing Page,Shini,2026-05-25T17:38:41.358+0530,2026-05-27T11:13:06.233+0530,VendotInvite,,3d337fe71ad085b20ca2c79c076e98141bcf302e,Connexus-inc/connexus-web-client,2026-02-27T22:09:52+05:00,Tariq Shah,fix(cx2877cx2878): sorting is corrected for states served and on boarded by,0.5827,1,0.0,0.0,0.0,0.0,,0.2914,
CX-3391,Sort Option Missing for Service and States Serviced Columns in Vendors Listing Page,Shini,2026-05-25T17:38:41.358+0530,2026-05-27T11:13:06.233+0530,VendotInvite,,05eed81b93b7c197232baaaafd80b76424c796b2,Connexus-inc/connexus-web-api,2026-07-01T15:41:12+05:30,Varun Wilson,fix: add readinessStatus to vendor property responses and sorting fields,0.5342,4,0.0,0.0,0.0,0.0,,0.2671,
CX-3391,Sort Option Missing for Service and States Serviced Columns in Vendors Listing Page,Shini,2026-05-25T17:38:41.358+0530,2026-05-27T11:13:06.233+0530,VendotInvite,,8276e20e1833e40c7be7d4c06da4449b8e6c9263,Connexus-inc/connexus-web-client,2026-02-16T22:14:47+05:30,Varun Wilson,fix: deductables field made non sortable,0.5301,5,0.0,0.0,0.0,0.0,,0.265,
CX-3391,Sort Option Missing for Service and States Serviced Columns in Vendors Listing Page,Shini,2026-05-25T17:38:41.358+0530,2026-05-27T11:13:06.233+0530,VendotInvite,,a7c361529143bf2416acab17f0e762436b289681,Connexus-inc/connexus-web-client,2026-03-02T15:15:40+05:30,varunw92,Merge pull request #1787 from Connexus-inc/fixing-sort-onboradedby-statesserved,0.5234,6,0.0,0.0,0.0,0.0,,0.2617,
CX-3391,Sort Option Missing for Service and States Serviced Columns in Vendors Listing Page,Shini,2026-05-25T17:38:41.358+0530,2026-05-27T11:13:06.233+0530,VendotInvite,,ba070ddbfefa6d7cfd49ace63b1110deb980d3f5,Connexus-inc/connexus-web-client,2026-04-30T15:03:26+05:30,Ramesh P R,fix: added renewalPeriod sort,0.5104,7,0.0,0.0,0.0,0.0,,0.2552,
CX-3391,Sort Option Missing for Service and States Serviced Columns in Vendors Listing Page,Shini,2026-05-25T17:38:41.358+0530,2026-05-27T11:13:06.233+0530,VendotInvite,,fcf51fdf77383887d1cfebbaf87a941fe64a20ce,Connexus-inc/connexus-web-api,2026-02-05T22:00:15+05:00,Tariq Shah,fix(cx2489): changes suggested by basim,0.5041,8,0.0,0.0,0.0,0.0,,0.252,
CX-3392,Existing Vendor Invite – “Company Legal Name” editable and “Website” not auto-populating,rameshpr,2026-05-25T18:06:35.730+0530,2026-06-03T17:18:26.883+0530,VendorRegistration,TRUE,9207e67c8d244e0da4feab6958ce4e758fa28dab,Connexus-inc/connexus-web-api,2026-06-03T12:55:28+05:30,Varun Wilson,feat: add legal name validation to prevent duplicate vendor entries,0.5221,1,0.0,0.0,0.0,0.0,,0.2611,
CX-3392,Existing Vendor Invite – “Company Legal Name” editable and “Website” not auto-populating,rameshpr,2026-05-25T18:06:35.730+0530,2026-06-03T17:18:26.883+0530,VendorRegistration,TRUE,735260381e4038431df4bfac44c2d9a9b65171cf,Connexus-inc/connexus-web-api,2026-05-06T16:08:35+05:30,basimneoito,Merge pull request #1946 from Connexus-inc/fix/cx-3285-vendor-onbrd-updates,0.5197,2,0.0,0.0,0.0,0.0,,0.2598,
CX-3392,Existing Vendor Invite – “Company Legal Name” editable and “Website” not auto-populating,rameshpr,2026-05-25T18:06:35.730+0530,2026-06-03T17:18:26.883+0530,VendorRegistration,TRUE,9b7ea263ecfa58ebd8a4dd0dc53f24147d2e7e04,Connexus-inc/connexus-web-client,2026-03-17T10:16:37+05:30,Varun Wilson,fix: signing initial setup,0.5036,3,0.0,0.0,0.0,0.0,,0.2518,
CX-3392,Existing Vendor Invite – “Company Legal Name” editable and “Website” not auto-populating,rameshpr,2026-05-25T18:06:35.730+0530,2026-06-03T17:18:26.883+0530,VendorRegistration,TRUE,a527bb94c2b5bd690690e3cbe66bb7af19031c9d,Connexus-inc/connexus-web-client,2026-06-01T16:23:25+05:30,Ramesh P R,fix: bug fixes for vendor invite form fields,0.4721,4,0.0,0.0,0.0,0.0,,0.2361,
CX-3392,Existing Vendor Invite – “Company Legal Name” editable and “Website” not auto-populating,rameshpr,2026-05-25T18:06:35.730+0530,2026-06-03T17:18:26.883+0530,VendorRegistration,TRUE,edbb70b4390d20a28dbe13d956755b232c54eb03,Connexus-inc/connexus-web-api,2026-05-06T12:36:02+05:30,Varun Wilson,feat(vendor): update vendor registration to include website and enforce legal name requirement,0.4437,5,0.0,0.0,0.0,0.0,,0.2219,
CX-3392,Existing Vendor Invite – “Company Legal Name” editable and “Website” not auto-populating,rameshpr,2026-05-25T18:06:35.730+0530,2026-06-03T17:18:26.883+0530,VendorRegistration,TRUE,ed27f0da31b0fdd32fb6e8c33b3713df588282f3,Connexus-inc/connexus-web-client,2026-05-27T18:55:05+05:30,Ramesh P R,fix: vendor invite bug fixes,0.4366,6,0.0,0.0,0.0,0.0,,0.2183,
CX-3392,Existing Vendor Invite – “Company Legal Name” editable and “Website” not auto-populating,rameshpr,2026-05-25T18:06:35.730+0530,2026-06-03T17:18:26.883+0530,VendorRegistration,TRUE,fb584c608408ab4d9c603a4d270169f3591c433b,Connexus-inc/connexus-web-client,2026-06-01T17:40:25+05:30,varunw92,Merge pull request #2122 from Connexus-inc/fix/vendor-invite-fixes,0.4322,7,0.0,0.0,0.0,0.0,,0.2161,
CX-3392,Existing Vendor Invite – “Company Legal Name” editable and “Website” not auto-populating,rameshpr,2026-05-25T18:06:35.730+0530,2026-06-03T17:18:26.883+0530,VendorRegistration,TRUE,fb24be237344c91df9eb55b7035b0abff29f5a16,Connexus-inc/connexus-web-api,2026-06-09T12:04:47+05:30,AJAY DEV,Merge pull request #2017 from Connexus-inc/vendor-invitation-bugs,0.4311,8,0.0,0.0,0.0,0.0,,0.2155,
CX-3393,Inactive services are displayed in the Vendor Invite service dropdown,rameshpr,2026-05-25T18:11:18.326+0530,2026-06-01T13:52:02.809+0530,VendorRegistration,TRUE,ec9340085a17395bfa941b596f719a79c5e69189,Connexus-inc/connexus-web-api,2026-04-20T11:38:53+05:30,basimneoito,Merge pull request #1866 from Connexus-inc/fix-avoid-saving-to-inactive-services,0.5011,1,0.0,0.0,0.0,0.0,,0.2506,
CX-3393,Inactive services are displayed in the Vendor Invite service dropdown,rameshpr,2026-05-25T18:11:18.326+0530,2026-06-01T13:52:02.809+0530,VendorRegistration,TRUE,04ca6600606c4a8809fa7b0a65509651f82607ec,Connexus-inc/connexus-web-api,2026-06-24T15:30:53+05:30,basimneoito,Merge pull request #2114 from Connexus-inc/revert-2108-vendor-invite-status-exempt-flow,0.4655,2,0.0,0.0,0.0,0.0,,0.2328,
CX-3393,Inactive services are displayed in the Vendor Invite service dropdown,rameshpr,2026-05-25T18:11:18.326+0530,2026-06-01T13:52:02.809+0530,VendorRegistration,TRUE,3b2083ce47ca12785eeab3bf7bb59fa3e788f81a,Connexus-inc/connexus-web-api,2026-06-30T17:58:25+05:30,basimneoito,Merge pull request #2113 from Connexus-inc/vendor-invite-status-exempt-flow,0.4557,3,0.0,0.0,0.0,0.0,,0.2279,
CX-3393,Inactive services are displayed in the Vendor Invite service dropdown,rameshpr,2026-05-25T18:11:18.326+0530,2026-06-01T13:52:02.809+0530,VendorRegistration,TRUE,fe466184b6d9f7d121a352847b08cd4a5e39ddcc,Connexus-inc/connexus-web-api,2026-06-24T10:10:04+05:30,basimneoito,Merge pull request #2108 from Connexus-inc/vendor-invite-status-exempt-flow,0.4552,4,0.0,0.0,0.0,0.0,,0.2276,
CX-3393,Inactive services are displayed in the Vendor Invite service dropdown,rameshpr,2026-05-25T18:11:18.326+0530,2026-06-01T13:52:02.809+0530,VendorRegistration,TRUE,d42a7e7eceeb88a1c721ea362e2c6c2161a03701,Connexus-inc/connexus-web-api,2026-06-23T11:18:53+05:30,basimneoito,Merge pull request #2103 from Connexus-inc/vendor-invite-status-exempt-flow,0.4546,5,0.0,0.0,0.0,0.0,,0.2273,
CX-3393,Inactive services are displayed in the Vendor Invite service dropdown,rameshpr,2026-05-25T18:11:18.326+0530,2026-06-01T13:52:02.809+0530,VendorRegistration,TRUE,d9a26ad86ee71b28f2c4a67e9b75e263c8fb6a85,Connexus-inc/connexus-web-client,2026-06-11T15:50:29+05:30,varunw92,Merge pull request #2157 from Connexus-inc/fix/vendor-invite-fixes,0.4502,6,0.0,0.0,0.0,0.0,,0.2251,
CX-3393,Inactive services are displayed in the Vendor Invite service dropdown,rameshpr,2026-05-25T18:11:18.326+0530,2026-06-01T13:52:02.809+0530,VendorRegistration,TRUE,923420de1d9b44228e445a38bc91a743294677b7,Connexus-inc/connexus-web-api,2026-04-20T11:35:05+05:30,Vysakh RJ,fix: filters out inactive services,0.4426,7,0.0,0.0,0.0,0.0,,0.2213,
CX-3393,Inactive services are displayed in the Vendor Invite service dropdown,rameshpr,2026-05-25T18:11:18.326+0530,2026-06-01T13:52:02.809+0530,VendorRegistration,TRUE,e762e29d349f105bb44f5fbe5cb81ac1e50271aa,Connexus-inc/connexus-web-client,2026-06-03T23:47:10+05:30,Ramesh P R,fix: actions menu options refactoring for vendor invite,0.4338,8,0.0,0.0,0.0,0.0,,0.2169,
CX-3394,Invite Vendor Form – Service Field Label & Multi-select Behavior,Vysakh R J,2026-05-25T18:28:59.966+0530,2026-06-01T13:42:09.101+0530,VendorRegistration,TRUE,4d821e02930c7d76c9f30591c62c2d6e01dfd2b8,Connexus-inc/connexus-web-client,2026-05-26T11:45:10+05:30,Ramesh P R,fix: updated services to be a multi select,0.4443,1,0.0,0.0,0.0,0.0,,0.2221,
CX-3394,Invite Vendor Form – Service Field Label & Multi-select Behavior,Vysakh R J,2026-05-25T18:28:59.966+0530,2026-06-01T13:42:09.101+0530,VendorRegistration,TRUE,594947f253d0509b9189d7436800826f737c409b,Connexus-inc/connexus-web-client,2026-06-08T16:33:22+05:30,Ramesh P R,fix: phone number field update in invite vendor form,0.4412,2,0.0,0.0,0.0,0.0,,0.2206,
CX-3394,Invite Vendor Form – Service Field Label & Multi-select Behavior,Vysakh R J,2026-05-25T18:28:59.966+0530,2026-06-01T13:42:09.101+0530,VendorRegistration,TRUE,c8c66011f51bbdecabeffc96c73e0071041e0ea7,Connexus-inc/connexus-web-client,2026-04-07T20:21:03+05:30,varunw92,Merge pull request #1955 from Connexus-inc/fix/ppty_insurance_updates,0.4342,3,0.0,0.0,0.0,0.0,,0.2171,
CX-3394,Invite Vendor Form – Service Field Label & Multi-select Behavior,Vysakh R J,2026-05-25T18:28:59.966+0530,2026-06-01T13:42:09.101+0530,VendorRegistration,TRUE,a527bb94c2b5bd690690e3cbe66bb7af19031c9d,Connexus-inc/connexus-web-client,2026-06-01T16:23:25+05:30,Ramesh P R,fix: bug fixes for vendor invite form fields,0.4241,4,0.0,0.0,0.0,0.0,,0.212,
CX-3394,Invite Vendor Form – Service Field Label & Multi-select Behavior,Vysakh R J,2026-05-25T18:28:59.966+0530,2026-06-01T13:42:09.101+0530,VendorRegistration,TRUE,fb584c608408ab4d9c603a4d270169f3591c433b,Connexus-inc/connexus-web-client,2026-06-01T17:40:25+05:30,varunw92,Merge pull request #2122 from Connexus-inc/fix/vendor-invite-fixes,0.4211,5,0.0,0.0,0.0,0.0,,0.2105,
CX-3394,Invite Vendor Form – Service Field Label & Multi-select Behavior,Vysakh R J,2026-05-25T18:28:59.966+0530,2026-06-01T13:42:09.101+0530,VendorRegistration,TRUE,ffa1da3d72bc1e5a290e1ce65d98c005c94a713c,Connexus-inc/connexus-web-client,2026-05-26T12:10:16+05:30,varunw92,Merge pull request #2092 from Connexus-inc/fix/cx3394,0.4194,6,0.0,0.0,0.0,0.0,,0.2097,
CX-3394,Invite Vendor Form – Service Field Label & Multi-select Behavior,Vysakh R J,2026-05-25T18:28:59.966+0530,2026-06-01T13:42:09.101+0530,VendorRegistration,TRUE,27685c9b00b584c71a1b451265ce3119d9e97b12,Connexus-inc/connexus-web-client,2026-06-24T11:51:27+05:30,Varun Wilson,fix: label change,0.4157,7,0.0,0.0,0.0,0.0,,0.2079,
CX-3394,Invite Vendor Form – Service Field Label & Multi-select Behavior,Vysakh R J,2026-05-25T18:28:59.966+0530,2026-06-01T13:42:09.101+0530,VendorRegistration,TRUE,dde8612b514cdc21b2c6ac1076d1e37274c044ec,Connexus-inc/connexus-web-client,2026-06-01T15:08:50+05:30,Ramesh P R,fix: added autofill for primary contacts in vendor invite,0.4017,8,0.0,0.0,0.0,0.0,,0.2008,
CX-3405,Vendor Search Field Not Functioning in Client Module,Vysakh R J,2026-05-27T10:29:17.007+0530,2026-06-03T17:46:09.401+0530,VendorRegistration,,afb9d404194aa8e65bfaf97550e0500bee844588,Connexus-inc/connexus-web-client,2026-06-24T12:01:55+05:30,Ramesh P R,fix: merge fix,0.5629,1,0.0,0.0,0.0,0.0,,0.2815,
CX-3405,Vendor Search Field Not Functioning in Client Module,Vysakh R J,2026-05-27T10:29:17.007+0530,2026-06-03T17:46:09.401+0530,VendorRegistration,,ed27f0da31b0fdd32fb6e8c33b3713df588282f3,Connexus-inc/connexus-web-client,2026-05-27T18:55:05+05:30,Ramesh P R,fix: vendor invite bug fixes,0.5512,2,0.0,0.0,0.0,0.0,,0.2756,
CX-3405,Vendor Search Field Not Functioning in Client Module,Vysakh R J,2026-05-27T10:29:17.007+0530,2026-06-03T17:46:09.401+0530,VendorRegistration,,d74c4920d758b3acd78a132bdcc4bf854efac7d9,Connexus-inc/connexus-web-client,2026-06-02T12:38:40+05:30,Ramesh P R,fix: vendor list updated to show active and draft vendors only,0.5364,3,0.0,0.0,0.0,0.0,,0.2682,
CX-3405,Vendor Search Field Not Functioning in Client Module,Vysakh R J,2026-05-27T10:29:17.007+0530,2026-06-03T17:46:09.401+0530,VendorRegistration,,0fac3b431edf3ac99cf0d2fca95ef1c242d91a84,Connexus-inc/connexus-web-client,2026-02-27T17:22:19+05:00,Tariq Shah,fix(cx2880): corrected search place holder,0.5329,4,0.0,0.0,0.0,0.0,,0.2664,
CX-3405,Vendor Search Field Not Functioning in Client Module,Vysakh R J,2026-05-27T10:29:17.007+0530,2026-06-03T17:46:09.401+0530,VendorRegistration,,966acb26350214d18b7af998ff93c4ef74aebb3a,Connexus-inc/connexus-web-client,2026-06-02T18:43:10+05:30,Varun Wilson,fix: status enum updated,0.5231,5,0.0,0.0,0.0,0.0,,0.2616,
CX-3405,Vendor Search Field Not Functioning in Client Module,Vysakh R J,2026-05-27T10:29:17.007+0530,2026-06-03T17:46:09.401+0530,VendorRegistration,,86022dfd670d513516c7a995a986a036671379e0,Connexus-inc/connexus-web-client,2026-05-18T11:27:15+05:30,Ramesh P R,feat: added company search and add vendor form,0.4922,6,0.0,0.0,0.0,0.0,,0.2461,
CX-3405,Vendor Search Field Not Functioning in Client Module,Vysakh R J,2026-05-27T10:29:17.007+0530,2026-06-03T17:46:09.401+0530,VendorRegistration,,8f8ad96de5f26ad5df8c67b877cb362ec8cd28c5,Connexus-inc/connexus-web-client,2026-06-22T12:49:01+05:30,Ramesh P R,fix: vendor invite flow fixes,0.4919,7,0.0,0.0,0.0,0.0,,0.246,
CX-3405,Vendor Search Field Not Functioning in Client Module,Vysakh R J,2026-05-27T10:29:17.007+0530,2026-06-03T17:46:09.401+0530,VendorRegistration,,7c453c2c0408d7d24bdddadd127942025f17e443,Connexus-inc/connexus-web-client,2026-06-15T11:34:37+05:30,Ramesh P R,fix: updated the service list api in vendor invite,0.4891,8,0.0,0.0,0.0,0.0,,0.2446,
CX-3406,Search functionality not working in Vendor Listing page,Vysakh R J,2026-05-27T10:57:39.484+0530,2026-06-03T23:04:22.822+0530,VendotInvite,,f688ac12a0855540f14c27dfb8dbf35606f708ff,Connexus-inc/connexus-web-api,2026-05-19T15:59:04+05:30,Vysakh R J,feat: added vendor filter and sort,0.4048,7,1.0,1.0,0.6,0.87,strong,0.6374,TRUE
CX-3406,Search functionality not working in Vendor Listing page,Vysakh R J,2026-05-27T10:57:39.484+0530,2026-06-03T23:04:22.822+0530,VendotInvite,,0fac3b431edf3ac99cf0d2fca95ef1c242d91a84,Connexus-inc/connexus-web-client,2026-02-27T17:22:19+05:00,Tariq Shah,fix(cx2880): corrected search place holder,0.5372,1,0.0,0.0,0.0,0.0,,0.2686,
CX-3406,Search functionality not working in Vendor Listing page,Vysakh R J,2026-05-27T10:57:39.484+0530,2026-06-03T23:04:22.822+0530,VendotInvite,,afb9d404194aa8e65bfaf97550e0500bee844588,Connexus-inc/connexus-web-client,2026-06-24T12:01:55+05:30,Ramesh P R,fix: merge fix,0.4785,2,0.0,0.0,0.0,0.0,,0.2393,
CX-3406,Search functionality not working in Vendor Listing page,Vysakh R J,2026-05-27T10:57:39.484+0530,2026-06-03T23:04:22.822+0530,VendotInvite,,ed27f0da31b0fdd32fb6e8c33b3713df588282f3,Connexus-inc/connexus-web-client,2026-05-27T18:55:05+05:30,Ramesh P R,fix: vendor invite bug fixes,0.4742,3,0.0,0.0,0.0,0.0,,0.2371,
CX-3406,Search functionality not working in Vendor Listing page,Vysakh R J,2026-05-27T10:57:39.484+0530,2026-06-03T23:04:22.822+0530,VendotInvite,,d74c4920d758b3acd78a132bdcc4bf854efac7d9,Connexus-inc/connexus-web-client,2026-06-02T12:38:40+05:30,Ramesh P R,fix: vendor list updated to show active and draft vendors only,0.4569,4,0.0,0.0,0.0,0.0,,0.2284,
CX-3406,Search functionality not working in Vendor Listing page,Vysakh R J,2026-05-27T10:57:39.484+0530,2026-06-03T23:04:22.822+0530,VendotInvite,,966acb26350214d18b7af998ff93c4ef74aebb3a,Connexus-inc/connexus-web-client,2026-06-02T18:43:10+05:30,Varun Wilson,fix: status enum updated,0.4373,5,0.0,0.0,0.0,0.0,,0.2187,
CX-3406,Search functionality not working in Vendor Listing page,Vysakh R J,2026-05-27T10:57:39.484+0530,2026-06-03T23:04:22.822+0530,VendotInvite,,86022dfd670d513516c7a995a986a036671379e0,Connexus-inc/connexus-web-client,2026-05-18T11:27:15+05:30,Ramesh P R,feat: added company search and add vendor form,0.4327,6,0.0,0.0,0.0,0.0,,0.2163,
CX-3406,Search functionality not working in Vendor Listing page,Vysakh R J,2026-05-27T10:57:39.484+0530,2026-06-03T23:04:22.822+0530,VendotInvite,,89edb0f123e77d2cbab96dcefcac76a55644809d,Connexus-inc/connexus-web-client,2026-02-02T16:06:03+05:30,Rakhesh-NeoITO,Merge pull request #1606 from Connexus-inc/feat/vendor-badge/view-by-property,0.4023,8,0.0,0.0,0.0,0.0,,0.2011,
CX-3407,Unable to continue with “Non-Sole Proprietor” company type,Rakhesh J,2026-05-27T11:14:52.584+0530,2026-06-01T14:26:54.204+0530,VendotInvite,,d9a26ad86ee71b28f2c4a67e9b75e263c8fb6a85,Connexus-inc/connexus-web-client,2026-06-11T15:50:29+05:30,varunw92,Merge pull request #2157 from Connexus-inc/fix/vendor-invite-fixes,0.4955,1,0.0,0.0,0.0,0.0,,0.2478,
CX-3407,Unable to continue with “Non-Sole Proprietor” company type,Rakhesh J,2026-05-27T11:14:52.584+0530,2026-06-01T14:26:54.204+0530,VendotInvite,,ddd00d4cca4d7d0d3b8c524f877e2d78e73ef9d6,Connexus-inc/connexus-web-api,2026-05-25T14:28:40+05:30,Vysakh R J,Merge pull request #2005 from Connexus-inc/feat-vendor-invite-registration,0.4883,2,0.0,0.0,0.0,0.0,,0.2441,
CX-3407,Unable to continue with “Non-Sole Proprietor” company type,Rakhesh J,2026-05-27T11:14:52.584+0530,2026-06-01T14:26:54.204+0530,VendotInvite,,d0ff603112d98521900981e1afe6bf4b911fe256,Connexus-inc/connexus-web-client,2026-06-19T14:28:32+05:30,varunw92,Merge pull request #2180 from Connexus-inc/fix/update-business-verified,0.483,3,0.0,0.0,0.0,0.0,,0.2415,
CX-3407,Unable to continue with “Non-Sole Proprietor” company type,Rakhesh J,2026-05-27T11:14:52.584+0530,2026-06-01T14:26:54.204+0530,VendotInvite,,edd30b04be268faaf6e7dd8aa673f6b4fb64f056,Connexus-inc/connexus-web-client,2026-06-10T12:58:34+05:30,rakhesh.j,feat(venor-compliance): retry form added for tax id failed also,0.4785,4,0.0,0.0,0.0,0.0,,0.2392,
CX-3407,Unable to continue with “Non-Sole Proprietor” company type,Rakhesh J,2026-05-27T11:14:52.584+0530,2026-06-01T14:26:54.204+0530,VendotInvite,,3677acd1bfb76f55bb0e31a7a0481f5864943531,Connexus-inc/connexus-web-api,2026-06-02T15:47:44+05:30,Varun Wilson,feat: add conflict exception for incomplete vendor onboarding in ClientVendorsService,0.4685,5,0.0,0.0,0.0,0.0,,0.2342,
CX-3407,Unable to continue with “Non-Sole Proprietor” company type,Rakhesh J,2026-05-27T11:14:52.584+0530,2026-06-01T14:26:54.204+0530,VendotInvite,,88a16ff2b384433abba951b8b3e04545299331eb,Connexus-inc/connexus-web-client,2026-01-27T22:34:47+05:30,varunw92,Merge pull request #1588 from Connexus-inc/vendor-to-profile-vendorview,0.4657,6,0.0,0.0,0.0,0.0,,0.2328,
CX-3407,Unable to continue with “Non-Sole Proprietor” company type,Rakhesh J,2026-05-27T11:14:52.584+0530,2026-06-01T14:26:54.204+0530,VendotInvite,,3ab08ed206b23d8f65e046752f958c9e24b5c809,Connexus-inc/connexus-web-api,2026-05-22T11:12:31+05:30,Vysakh R J,fix: made vendorType nullable,0.4518,7,0.0,0.0,0.0,0.0,,0.2259,
CX-3407,Unable to continue with “Non-Sole Proprietor” company type,Rakhesh J,2026-05-27T11:14:52.584+0530,2026-06-01T14:26:54.204+0530,VendotInvite,,3eb244b76fe08eba55382e0af9534dddbf514605,Connexus-inc/connexus-web-api,2026-06-09T17:33:20+05:30,AJAY DEV,Merge pull request #2067 from Connexus-inc/fix-reported-client-vendor-flow-issues,0.4505,8,0.0,0.0,0.0,0.0,,0.2252,
CX-3408,Add validation for Date of Birth field in Vendor Details form,Rakhesh J,2026-05-27T11:46:07.646+0530,2026-06-08T12:55:15.867+0530,VendotInvite,,614478cbc83cd1059ec339d2f5de8149991f4edc,Connexus-inc/connexus-web-api,2026-02-16T14:00:04+05:30,Vysakh R J,feat: added end date validation to create dto,0.4342,1,0.0,0.0,0.0,0.0,,0.2171,
CX-3408,Add validation for Date of Birth field in Vendor Details form,Rakhesh J,2026-05-27T11:46:07.646+0530,2026-06-08T12:55:15.867+0530,VendotInvite,,473e9fd7cbdfe8bde7b380a6c36f7d464529d52f,Connexus-inc/connexus-web-client,2026-04-28T12:07:27+05:30,Ramesh P R,fix: added validations for msa creation,0.4153,2,0.0,0.0,0.0,0.0,,0.2076,
CX-3408,Add validation for Date of Birth field in Vendor Details form,Rakhesh J,2026-05-27T11:46:07.646+0530,2026-06-08T12:55:15.867+0530,VendotInvite,,cf5ba88c0e522e89e377356b0f6880124c5565ee,Connexus-inc/connexus-web-api,2026-05-29T14:11:05+05:30,ajaydev,fix: other business fail,0.3702,3,0.0,0.0,0.0,0.0,,0.1851,
CX-3408,Add validation for Date of Birth field in Vendor Details form,Rakhesh J,2026-05-27T11:46:07.646+0530,2026-06-08T12:55:15.867+0530,VendotInvite,,edd30b04be268faaf6e7dd8aa673f6b4fb64f056,Connexus-inc/connexus-web-client,2026-06-10T12:58:34+05:30,rakhesh.j,feat(venor-compliance): retry form added for tax id failed also,0.3673,4,0.0,0.0,0.0,0.0,,0.1837,
CX-3408,Add validation for Date of Birth field in Vendor Details form,Rakhesh J,2026-05-27T11:46:07.646+0530,2026-06-08T12:55:15.867+0530,VendotInvite,,39dc01346d3240479f0e829732f2b6e673e5f61a,Connexus-inc/connexus-web-client,2026-03-27T17:40:27+05:30,Ramesh P R,fix: policy limit and deductibles validation,0.3642,5,0.0,0.0,0.0,0.0,,0.1821,
CX-3408,Add validation for Date of Birth field in Vendor Details form,Rakhesh J,2026-05-27T11:46:07.646+0530,2026-06-08T12:55:15.867+0530,VendotInvite,,f68af6d450f3924db24726416275b9e2a12429bc,Connexus-inc/connexus-web-api,2026-05-25T18:49:08+05:30,Vysakh R J,feat: made stateIds non mandatory,0.3638,6,0.0,0.0,0.0,0.0,,0.1819,
CX-3408,Add validation for Date of Birth field in Vendor Details form,Rakhesh J,2026-05-27T11:46:07.646+0530,2026-06-08T12:55:15.867+0530,VendotInvite,,3a3c9e800b985ff127ef6b29ab763f4803160805,Connexus-inc/connexus-web-client,2026-04-09T21:49:46+05:30,Varun Wilson,fix: data formated,0.3535,7,0.0,0.0,0.0,0.0,,0.1767,
CX-3408,Add validation for Date of Birth field in Vendor Details form,Rakhesh J,2026-05-27T11:46:07.646+0530,2026-06-08T12:55:15.867+0530,VendotInvite,,dab9a0a8c94d1fa107bb272d2f76d4b34b50d264,Connexus-inc/connexus-web-client,2026-02-03T20:23:03+05:30,Ramesh P R,fix: calander logic and reupload fix,0.3468,8,0.0,0.0,0.0,0.0,,0.1734,
CX-3409,"Vendor Listing Displays Unmapped Vendors Not Present Under Current, Preferred, or Draft Vendors",Vysakh R J,2026-05-27T14:17:51.978+0530,2026-06-11T19:36:43.005+0530,VendorRegistration,,bd82b678646d72a3e27b6374de11de443544115a,Connexus-inc/connexus-web-api,2026-06-10T14:01:02+05:30,Vysakh R J,docs(cleanup): add design for orphan client-vendor connection cleanup,0.5879,1,0.0,0.0,0.0,0.0,,0.2939,
CX-3409,"Vendor Listing Displays Unmapped Vendors Not Present Under Current, Preferred, or Draft Vendors",Vysakh R J,2026-05-27T14:17:51.978+0530,2026-06-11T19:36:43.005+0530,VendorRegistration,,c9ae6282cf8eda6133efe0de47aa1fa0a3c98cbd,Connexus-inc/connexus-web-api,2026-06-10T14:01:03+05:30,Vysakh R J,refactor(scripts): drop contracts and msa sources from client-vendor backfill,0.544,2,0.0,0.0,0.0,0.0,,0.272,
CX-3409,"Vendor Listing Displays Unmapped Vendors Not Present Under Current, Preferred, or Draft Vendors",Vysakh R J,2026-05-27T14:17:51.978+0530,2026-06-11T19:36:43.005+0530,VendorRegistration,,88a16ff2b384433abba951b8b3e04545299331eb,Connexus-inc/connexus-web-client,2026-01-27T22:34:47+05:30,varunw92,Merge pull request #1588 from Connexus-inc/vendor-to-profile-vendorview,0.5172,3,0.0,0.0,0.0,0.0,,0.2586,
CX-3409,"Vendor Listing Displays Unmapped Vendors Not Present Under Current, Preferred, or Draft Vendors",Vysakh R J,2026-05-27T14:17:51.978+0530,2026-06-11T19:36:43.005+0530,VendorRegistration,,34dfc7fe694fe8a8a96cf16460332261c2c303dd,Connexus-inc/connexus-web-api,2026-06-10T14:01:02+05:30,Vysakh R J,docs(cleanup): add implementation plan for orphan client-vendor connection cleanup,0.5131,4,0.0,0.0,0.0,0.0,,0.2565,
CX-3409,"Vendor Listing Displays Unmapped Vendors Not Present Under Current, Preferred, or Draft Vendors",Vysakh R J,2026-05-27T14:17:51.978+0530,2026-06-11T19:36:43.005+0530,VendorRegistration,,3eb244b76fe08eba55382e0af9534dddbf514605,Connexus-inc/connexus-web-api,2026-06-09T17:33:20+05:30,AJAY DEV,Merge pull request #2067 from Connexus-inc/fix-reported-client-vendor-flow-issues,0.4687,5,0.0,0.0,0.0,0.0,,0.2343,
CX-3409,"Vendor Listing Displays Unmapped Vendors Not Present Under Current, Preferred, or Draft Vendors",Vysakh R J,2026-05-27T14:17:51.978+0530,2026-06-11T19:36:43.005+0530,VendorRegistration,,d74c4920d758b3acd78a132bdcc4bf854efac7d9,Connexus-inc/connexus-web-client,2026-06-02T12:38:40+05:30,Ramesh P R,fix: vendor list updated to show active and draft vendors only,0.4674,6,0.0,0.0,0.0,0.0,,0.2337,
CX-3409,"Vendor Listing Displays Unmapped Vendors Not Present Under Current, Preferred, or Draft Vendors",Vysakh R J,2026-05-27T14:17:51.978+0530,2026-06-11T19:36:43.005+0530,VendorRegistration,,3677acd1bfb76f55bb0e31a7a0481f5864943531,Connexus-inc/connexus-web-api,2026-06-02T15:47:44+05:30,Varun Wilson,feat: add conflict exception for incomplete vendor onboarding in ClientVendorsService,0.4642,7,0.0,0.0,0.0,0.0,,0.2321,
CX-3409,"Vendor Listing Displays Unmapped Vendors Not Present Under Current, Preferred, or Draft Vendors",Vysakh R J,2026-05-27T14:17:51.978+0530,2026-06-11T19:36:43.005+0530,VendorRegistration,,80579a7e33f261434c6d7bc6d166f806a79095d0,Connexus-inc/connexus-web-api,2026-02-04T09:53:59+05:30,Raoof,feat: import `VendorStatuses` from `@prisma/client` in the potential vendors service,0.4583,8,0.0,0.0,0.0,0.0,,0.2292,
CX-3410,Required field validation missing for Company Legal Name and Phone Number in Vendor Invite form,rameshpr,2026-05-27T17:42:13.502+0530,2026-06-01T12:52:44.927+0530,VendotInvite,,a527bb94c2b5bd690690e3cbe66bb7af19031c9d,Connexus-inc/connexus-web-client,2026-06-01T16:23:25+05:30,Ramesh P R,fix: bug fixes for vendor invite form fields,0.444,7,0.7,1.0,0.75,0.78,moderate,0.612,TRUE
CX-3410,Required field validation missing for Company Legal Name and Phone Number in Vendor Invite form,rameshpr,2026-05-27T17:42:13.502+0530,2026-06-01T12:52:44.927+0530,VendotInvite,,9207e67c8d244e0da4feab6958ce4e758fa28dab,Connexus-inc/connexus-web-api,2026-06-03T12:55:28+05:30,Varun Wilson,feat: add legal name validation to prevent duplicate vendor entries,0.4696,1,0.0,0.0,0.0,0.0,,0.2348,
CX-3410,Required field validation missing for Company Legal Name and Phone Number in Vendor Invite form,rameshpr,2026-05-27T17:42:13.502+0530,2026-06-01T12:52:44.927+0530,VendotInvite,,8ab40adf99389a0d5f6778a120f94eb5553ee4d5,Connexus-inc/connexus-web-client,2026-06-08T17:20:46+05:30,varunw92,Merge pull request #2146 from Connexus-inc/fix/vendor-invite-fixes,0.466,2,0.0,0.0,0.0,0.0,,0.233,
CX-3410,Required field validation missing for Company Legal Name and Phone Number in Vendor Invite form,rameshpr,2026-05-27T17:42:13.502+0530,2026-06-01T12:52:44.927+0530,VendotInvite,,0977970c572deddd8086b0edc801320742793649,Connexus-inc/connexus-web-client,2026-01-22T19:14:16+05:00,Tariq Shah,fix(cx2599): made address and phone mandartory on forms,0.454,3,0.0,0.0,0.0,0.0,,0.227,
CX-3410,Required field validation missing for Company Legal Name and Phone Number in Vendor Invite form,rameshpr,2026-05-27T17:42:13.502+0530,2026-06-01T12:52:44.927+0530,VendotInvite,,9769c6dca825ebaa9ce6942dd5444e1bc6c20718,Connexus-inc/connexus-web-client,2026-01-27T22:41:51+05:30,varunw92,Merge pull request #1581 from Connexus-inc/made-address-phone-mandatory,0.4512,4,0.0,0.0,0.0,0.0,,0.2256,
CX-3410,Required field validation missing for Company Legal Name and Phone Number in Vendor Invite form,rameshpr,2026-05-27T17:42:13.502+0530,2026-06-01T12:52:44.927+0530,VendotInvite,,f68af6d450f3924db24726416275b9e2a12429bc,Connexus-inc/connexus-web-api,2026-05-25T18:49:08+05:30,Vysakh R J,feat: made stateIds non mandatory,0.4452,5,0.0,0.0,0.0,0.0,,0.2226,
CX-3410,Required field validation missing for Company Legal Name and Phone Number in Vendor Invite form,rameshpr,2026-05-27T17:42:13.502+0530,2026-06-01T12:52:44.927+0530,VendotInvite,,7ef7b9bab490e5c4337d5e9b815791cfe3beb766,Connexus-inc/connexus-web-client,2026-06-01T17:19:54+05:30,Ramesh P R,fix: vendor invite primary contact prefill - made mobile optional,0.4443,6,0.0,0.0,0.0,0.0,,0.2221,
CX-3410,Required field validation missing for Company Legal Name and Phone Number in Vendor Invite form,rameshpr,2026-05-27T17:42:13.502+0530,2026-06-01T12:52:44.927+0530,VendotInvite,,1026a21555b0a2e20942672bee9431d05f47b7c1,Connexus-inc/connexus-web-client,2026-06-10T15:24:11+05:30,rakhesh.j,feat(venor-compliance): phone number auto populate issue fix,0.4433,8,0.0,0.0,0.0,0.0,,0.2216,
CX-3411,"“Vendor Details” & ""Service Details"" Heading Not Displayed in Invite Vendor Page",rameshpr,2026-05-27T17:55:34.367+0530,2026-06-01T13:53:37.327+0530,VendorRegistration,,7c453c2c0408d7d24bdddadd127942025f17e443,Connexus-inc/connexus-web-client,2026-06-15T11:34:37+05:30,Ramesh P R,fix: updated the service list api in vendor invite,0.4659,4,0.7,1.0,1.0,0.83,moderate,0.648,TRUE
CX-3411,"“Vendor Details” & ""Service Details"" Heading Not Displayed in Invite Vendor Page",rameshpr,2026-05-27T17:55:34.367+0530,2026-06-01T13:53:37.327+0530,VendorRegistration,,ed27f0da31b0fdd32fb6e8c33b3713df588282f3,Connexus-inc/connexus-web-client,2026-05-27T18:55:05+05:30,Ramesh P R,fix: vendor invite bug fixes,0.4601,7,0.7,1.0,1.0,0.83,moderate,0.6451,TRUE
CX-3411,"“Vendor Details” & ""Service Details"" Heading Not Displayed in Invite Vendor Page",rameshpr,2026-05-27T17:55:34.367+0530,2026-06-01T13:53:37.327+0530,VendorRegistration,,ea0822f3cdc6cddf652e978428f79dbe69390542,Connexus-inc/connexus-web-client,2026-05-25T17:14:38+05:30,Ramesh P R,fix: added vendorId to invite vendor,0.4582,8,0.7,1.0,1.0,0.83,moderate,0.6441,TRUE
CX-3411,"“Vendor Details” & ""Service Details"" Heading Not Displayed in Invite Vendor Page",rameshpr,2026-05-27T17:55:34.367+0530,2026-06-01T13:53:37.327+0530,VendorRegistration,,fb584c608408ab4d9c603a4d270169f3591c433b,Connexus-inc/connexus-web-client,2026-06-01T17:40:25+05:30,varunw92,Merge pull request #2122 from Connexus-inc/fix/vendor-invite-fixes,0.5164,1,0.0,0.0,0.0,0.0,,0.2582,
CX-3411,"“Vendor Details” & ""Service Details"" Heading Not Displayed in Invite Vendor Page",rameshpr,2026-05-27T17:55:34.367+0530,2026-06-01T13:53:37.327+0530,VendorRegistration,,a527bb94c2b5bd690690e3cbe66bb7af19031c9d,Connexus-inc/connexus-web-client,2026-06-01T16:23:25+05:30,Ramesh P R,fix: bug fixes for vendor invite form fields,0.4942,2,0.0,0.0,0.0,0.0,,0.2471,
CX-3411,"“Vendor Details” & ""Service Details"" Heading Not Displayed in Invite Vendor Page",rameshpr,2026-05-27T17:55:34.367+0530,2026-06-01T13:53:37.327+0530,VendorRegistration,,88a16ff2b384433abba951b8b3e04545299331eb,Connexus-inc/connexus-web-client,2026-01-27T22:34:47+05:30,varunw92,Merge pull request #1588 from Connexus-inc/vendor-to-profile-vendorview,0.4905,3,0.0,0.0,0.0,0.0,,0.2452,
CX-3411,"“Vendor Details” & ""Service Details"" Heading Not Displayed in Invite Vendor Page",rameshpr,2026-05-27T17:55:34.367+0530,2026-06-01T13:53:37.327+0530,VendorRegistration,,9e3c15ad3a8bb85525496107b5db20ac291fcfec,Connexus-inc/connexus-web-api,2026-02-17T16:39:27+05:30,basimneoito,Merge pull request #1547 from Connexus-inc/CX-2489-updates-vendor-moudel-fields-layout,0.4651,5,0.0,0.0,0.0,0.0,,0.2325,
CX-3411,"“Vendor Details” & ""Service Details"" Heading Not Displayed in Invite Vendor Page",rameshpr,2026-05-27T17:55:34.367+0530,2026-06-01T13:53:37.327+0530,VendorRegistration,,7355f79fe032cb72efe003486c9b387fd20bfc7c,Connexus-inc/connexus-web-client,2026-06-22T10:23:33+05:30,Ramesh P R,fix: ui style changes,0.4638,6,0.0,0.0,0.0,0.0,,0.2319,
CX-3412,No “No match found” message displayed when vendor search returns no results,rameshpr,2026-05-27T18:04:35.144+0530,2026-06-01T13:02:35.859+0530,VendotInvite,,ed27f0da31b0fdd32fb6e8c33b3713df588282f3,Connexus-inc/connexus-web-client,2026-05-27T18:55:05+05:30,Ramesh P R,fix: vendor invite bug fixes,0.5721,1,0.0,0.0,0.0,0.0,,0.2861,
CX-3412,No “No match found” message displayed when vendor search returns no results,rameshpr,2026-05-27T18:04:35.144+0530,2026-06-01T13:02:35.859+0530,VendotInvite,,d0ff603112d98521900981e1afe6bf4b911fe256,Connexus-inc/connexus-web-client,2026-06-19T14:28:32+05:30,varunw92,Merge pull request #2180 from Connexus-inc/fix/update-business-verified,0.485,2,0.0,0.0,0.0,0.0,,0.2425,
CX-3412,No “No match found” message displayed when vendor search returns no results,rameshpr,2026-05-27T18:04:35.144+0530,2026-06-01T13:02:35.859+0530,VendotInvite,,8f8ad96de5f26ad5df8c67b877cb362ec8cd28c5,Connexus-inc/connexus-web-client,2026-06-22T12:49:01+05:30,Ramesh P R,fix: vendor invite flow fixes,0.4825,3,0.0,0.0,0.0,0.0,,0.2412,
CX-3412,No “No match found” message displayed when vendor search returns no results,rameshpr,2026-05-27T18:04:35.144+0530,2026-06-01T13:02:35.859+0530,VendotInvite,,d9a26ad86ee71b28f2c4a67e9b75e263c8fb6a85,Connexus-inc/connexus-web-client,2026-06-11T15:50:29+05:30,varunw92,Merge pull request #2157 from Connexus-inc/fix/vendor-invite-fixes,0.4735,4,0.0,0.0,0.0,0.0,,0.2368,
CX-3412,No “No match found” message displayed when vendor search returns no results,rameshpr,2026-05-27T18:04:35.144+0530,2026-06-01T13:02:35.859+0530,VendotInvite,,0fac3b431edf3ac99cf0d2fca95ef1c242d91a84,Connexus-inc/connexus-web-client,2026-02-27T17:22:19+05:00,Tariq Shah,fix(cx2880): corrected search place holder,0.4611,5,0.0,0.0,0.0,0.0,,0.2305,
CX-3412,No “No match found” message displayed when vendor search returns no results,rameshpr,2026-05-27T18:04:35.144+0530,2026-06-01T13:02:35.859+0530,VendotInvite,,afb9d404194aa8e65bfaf97550e0500bee844588,Connexus-inc/connexus-web-client,2026-06-24T12:01:55+05:30,Ramesh P R,fix: merge fix,0.4431,6,0.0,0.0,0.0,0.0,,0.2216,
CX-3412,No “No match found” message displayed when vendor search returns no results,rameshpr,2026-05-27T18:04:35.144+0530,2026-06-01T13:02:35.859+0530,VendotInvite,,9207e67c8d244e0da4feab6958ce4e758fa28dab,Connexus-inc/connexus-web-api,2026-06-03T12:55:28+05:30,Varun Wilson,feat: add legal name validation to prevent duplicate vendor entries,0.4334,7,0.0,0.0,0.0,0.0,,0.2167,
CX-3412,No “No match found” message displayed when vendor search returns no results,rameshpr,2026-05-27T18:04:35.144+0530,2026-06-01T13:02:35.859+0530,VendotInvite,,d74c4920d758b3acd78a132bdcc4bf854efac7d9,Connexus-inc/connexus-web-client,2026-06-02T12:38:40+05:30,Ramesh P R,fix: vendor list updated to show active and draft vendors only,0.4252,8,0.0,0.0,0.0,0.0,,0.2126,
CX-3413,States Serviced Column Displays Empty for Invited Existing Vendors,Vysakh R J,2026-05-27T18:15:09.723+0530,2026-06-15T15:15:50.667+0530,VendorRegistration,,92c2d9627d232906a18cbb6c917a6523238b1d3a,Connexus-inc/connexus-web-api,2026-05-25T19:35:22+05:30,Vysakh R J,Merge pull request #2008 from Connexus-inc/feat-vendor-invite-registration,0.4877,1,0.0,0.0,0.0,0.0,,0.2439,
CX-3413,States Serviced Column Displays Empty for Invited Existing Vendors,Vysakh R J,2026-05-27T18:15:09.723+0530,2026-06-15T15:15:50.667+0530,VendorRegistration,,bd82b678646d72a3e27b6374de11de443544115a,Connexus-inc/connexus-web-api,2026-06-10T14:01:02+05:30,Vysakh R J,docs(cleanup): add design for orphan client-vendor connection cleanup,0.481,2,0.0,0.0,0.0,0.0,,0.2405,
CX-3413,States Serviced Column Displays Empty for Invited Existing Vendors,Vysakh R J,2026-05-27T18:15:09.723+0530,2026-06-15T15:15:50.667+0530,VendorRegistration,,d9a26ad86ee71b28f2c4a67e9b75e263c8fb6a85,Connexus-inc/connexus-web-client,2026-06-11T15:50:29+05:30,varunw92,Merge pull request #2157 from Connexus-inc/fix/vendor-invite-fixes,0.4692,3,0.0,0.0,0.0,0.0,,0.2346,
CX-3413,States Serviced Column Displays Empty for Invited Existing Vendors,Vysakh R J,2026-05-27T18:15:09.723+0530,2026-06-15T15:15:50.667+0530,VendorRegistration,,9b7ea263ecfa58ebd8a4dd0dc53f24147d2e7e04,Connexus-inc/connexus-web-client,2026-03-17T10:16:37+05:30,Varun Wilson,fix: signing initial setup,0.465,4,0.0,0.0,0.0,0.0,,0.2325,
CX-3413,States Serviced Column Displays Empty for Invited Existing Vendors,Vysakh R J,2026-05-27T18:15:09.723+0530,2026-06-15T15:15:50.667+0530,VendorRegistration,,87002ae9c284f224d07406a18b98d144b8b1dec7,Connexus-inc/connexus-web-api,2026-06-02T18:02:43+05:30,Vysakh R J,Merge pull request #2039 from Connexus-inc/fix-vendor-invite-restriction,0.4627,5,0.0,0.0,0.0,0.0,,0.2314,
CX-3413,States Serviced Column Displays Empty for Invited Existing Vendors,Vysakh R J,2026-05-27T18:15:09.723+0530,2026-06-15T15:15:50.667+0530,VendorRegistration,,4e0d1e245bf28a2fa154be826f3162a7a81a17f1,Connexus-inc/connexus-web-client,2026-06-19T12:25:36+05:30,Ramesh P R,fix: show null when vendor is not invited,0.4591,6,0.0,0.0,0.0,0.0,,0.2296,
CX-3413,States Serviced Column Displays Empty for Invited Existing Vendors,Vysakh R J,2026-05-27T18:15:09.723+0530,2026-06-15T15:15:50.667+0530,VendorRegistration,,34ab18e19844ae61fc033c413e01383960f53df6,Connexus-inc/connexus-web-api,2026-06-23T10:24:34+05:30,Vysakh R J,fix: issues with client-vendor listing,0.4562,7,0.0,0.0,0.0,0.0,,0.2281,
CX-3413,States Serviced Column Displays Empty for Invited Existing Vendors,Vysakh R J,2026-05-27T18:15:09.723+0530,2026-06-15T15:15:50.667+0530,VendorRegistration,,c9ae6282cf8eda6133efe0de47aa1fa0a3c98cbd,Connexus-inc/connexus-web-api,2026-06-10T14:01:03+05:30,Vysakh R J,refactor(scripts): drop contracts and msa sources from client-vendor backfill,0.4455,8,0.0,0.0,0.0,0.0,,0.2227,
CX-3417,Auto-populated Website field are editable in Invite Vendor workflow,rameshpr,2026-05-27T18:47:32.417+0530,2026-06-03T18:00:31.806+0530,VendorRegistration,,a527bb94c2b5bd690690e3cbe66bb7af19031c9d,Connexus-inc/connexus-web-client,2026-06-01T16:23:25+05:30,Ramesh P R,fix: bug fixes for vendor invite form fields,0.4557,1,0.0,0.0,0.0,0.0,,0.2278,
CX-3417,Auto-populated Website field are editable in Invite Vendor workflow,rameshpr,2026-05-27T18:47:32.417+0530,2026-06-03T18:00:31.806+0530,VendorRegistration,,dde8612b514cdc21b2c6ac1076d1e37274c044ec,Connexus-inc/connexus-web-client,2026-06-01T15:08:50+05:30,Ramesh P R,fix: added autofill for primary contacts in vendor invite,0.4168,2,0.0,0.0,0.0,0.0,,0.2084,
CX-3417,Auto-populated Website field are editable in Invite Vendor workflow,rameshpr,2026-05-27T18:47:32.417+0530,2026-06-03T18:00:31.806+0530,VendorRegistration,,47b3d1a52b1d4467297427e84a4cd79541ed6445,Connexus-inc/connexus-web-client,2026-05-06T16:17:36+05:30,Ramesh P R,fix: bug fixes,0.4116,3,0.0,0.0,0.0,0.0,,0.2058,
CX-3417,Auto-populated Website field are editable in Invite Vendor workflow,rameshpr,2026-05-27T18:47:32.417+0530,2026-06-03T18:00:31.806+0530,VendorRegistration,,40b25de1aa4cfc50759c04995a0884de3171a8e3,Connexus-inc/connexus-web-client,2026-03-11T14:21:39+05:30,Varun Wilson,fix: remirror editor update with field detection,0.4044,4,0.0,0.0,0.0,0.0,,0.2022,
CX-3417,Auto-populated Website field are editable in Invite Vendor workflow,rameshpr,2026-05-27T18:47:32.417+0530,2026-06-03T18:00:31.806+0530,VendorRegistration,,9b7ea263ecfa58ebd8a4dd0dc53f24147d2e7e04,Connexus-inc/connexus-web-client,2026-03-17T10:16:37+05:30,Varun Wilson,fix: signing initial setup,0.3967,5,0.0,0.0,0.0,0.0,,0.1983,
CX-3417,Auto-populated Website field are editable in Invite Vendor workflow,rameshpr,2026-05-27T18:47:32.417+0530,2026-06-03T18:00:31.806+0530,VendorRegistration,,b85ae3dd31b62f59a2a3e9b74c3fbf23636db90b,Connexus-inc/connexus-web-client,2026-05-25T12:27:49+05:30,Ramesh P R,feat: added a new placeholder for empty or n/a fields,0.3959,6,0.0,0.0,0.0,0.0,,0.198,
CX-3417,Auto-populated Website field are editable in Invite Vendor workflow,rameshpr,2026-05-27T18:47:32.417+0530,2026-06-03T18:00:31.806+0530,VendorRegistration,,fb584c608408ab4d9c603a4d270169f3591c433b,Connexus-inc/connexus-web-client,2026-06-01T17:40:25+05:30,varunw92,Merge pull request #2122 from Connexus-inc/fix/vendor-invite-fixes,0.3766,7,0.0,0.0,0.0,0.0,,0.1883,
CX-3417,Auto-populated Website field are editable in Invite Vendor workflow,rameshpr,2026-05-27T18:47:32.417+0530,2026-06-03T18:00:31.806+0530,VendorRegistration,,3e4c234f4b2a5fee5bcbac75c4b6796b3c251e6d,Connexus-inc/connexus-web-api,2026-06-24T14:24:19+05:30,Vysakh R J,fix: removed the user auto authorisation,0.3766,8,0.0,0.0,0.0,0.0,,0.1883,
CX-3418,Email ID should be bold in vendor invitation success popup as per Figma,rameshpr,2026-05-27T18:53:30.073+0530,2026-06-01T14:13:35.739+0530,VendorRegistration,,11d758542193397101102352dd2282f371741f13,Connexus-inc/connexus-web-api,2026-02-18T18:15:58+05:30,basimneoito,Merge pull request #1634 from Connexus-inc/property-insurence-status-update-fixes,0.5384,1,0.0,0.0,0.0,0.0,,0.2692,
CX-3418,Email ID should be bold in vendor invitation success popup as per Figma,rameshpr,2026-05-27T18:53:30.073+0530,2026-06-01T14:13:35.739+0530,VendorRegistration,,1e38e7aef1c8b1079de0e25cb0fd16bbac05070b,Connexus-inc/connexus-web-client,2026-06-15T12:05:12+05:30,varunw92,Merge pull request #2173 from Connexus-inc/fix/vendor-invite-fixes,0.5002,2,0.0,0.0,0.0,0.0,,0.2501,
CX-3418,Email ID should be bold in vendor invitation success popup as per Figma,rameshpr,2026-05-27T18:53:30.073+0530,2026-06-01T14:13:35.739+0530,VendorRegistration,,af3b06447af2123c9dd33140ad33007bfd582aec,Connexus-inc/connexus-web-client,2026-06-04T13:15:05+05:30,rakhesh.j,feat(venor-compliance): pr comments fix,0.4937,3,0.0,0.0,0.0,0.0,,0.2468,
CX-3418,Email ID should be bold in vendor invitation success popup as per Figma,rameshpr,2026-05-27T18:53:30.073+0530,2026-06-01T14:13:35.739+0530,VendorRegistration,,fc41bae384a6c43a3d98bc2b928fb5e0d0fb711e,Connexus-inc/connexus-web-client,2026-07-01T13:19:59+05:30,Ramesh P R,fix: cx-3634 and cx-3629,0.4898,4,0.0,0.0,0.0,0.0,,0.2449,
CX-3418,Email ID should be bold in vendor invitation success popup as per Figma,rameshpr,2026-05-27T18:53:30.073+0530,2026-06-01T14:13:35.739+0530,VendorRegistration,,87002ae9c284f224d07406a18b98d144b8b1dec7,Connexus-inc/connexus-web-api,2026-06-02T18:02:43+05:30,Vysakh R J,Merge pull request #2039 from Connexus-inc/fix-vendor-invite-restriction,0.4877,5,0.0,0.0,0.0,0.0,,0.2438,
CX-3418,Email ID should be bold in vendor invitation success popup as per Figma,rameshpr,2026-05-27T18:53:30.073+0530,2026-06-01T14:13:35.739+0530,VendorRegistration,,7830a0aa21189184361c63461ba7a6125335ea9f,Connexus-inc/connexus-web-api,2026-02-18T17:01:46+05:30,Raoof,fix: ensure consistent link styling in email templates by adding `!important` to color and text-decoration properties,0.4868,6,0.0,0.0,0.0,0.0,,0.2434,
CX-3418,Email ID should be bold in vendor invitation success popup as per Figma,rameshpr,2026-05-27T18:53:30.073+0530,2026-06-01T14:13:35.739+0530,VendorRegistration,,c3dac67ebcdc7739f594411bbc020d2ff0b8fff2,Connexus-inc/connexus-web-client,2026-06-04T11:57:37+05:30,varunw92,Merge pull request #2140 from Connexus-inc/fix/vendor-invite-fixes,0.4865,7,0.0,0.0,0.0,0.0,,0.2433,
CX-3418,Email ID should be bold in vendor invitation success popup as per Figma,rameshpr,2026-05-27T18:53:30.073+0530,2026-06-01T14:13:35.739+0530,VendorRegistration,,daa9c315fb1b48c328ae3120df37aaebe3fb5efc,Connexus-inc/connexus-web-client,2026-02-26T12:00:39+05:30,rakhesh.j,fix(template): user inviation email template changes,0.4855,8,0.0,0.0,0.0,0.0,,0.2427,
CX-3419,Vendor Invite flow shows child account properties in property selection dropdown,Vysakh R J,2026-05-27T19:07:09.078+0530,2026-06-03T18:23:53.925+0530,VendorRegistration,,8f8ad96de5f26ad5df8c67b877cb362ec8cd28c5,Connexus-inc/connexus-web-client,2026-06-22T12:49:01+05:30,Ramesh P R,fix: vendor invite flow fixes,0.479,1,0.0,0.0,0.0,0.0,,0.2395,
CX-3419,Vendor Invite flow shows child account properties in property selection dropdown,Vysakh R J,2026-05-27T19:07:09.078+0530,2026-06-03T18:23:53.925+0530,VendorRegistration,,660efbf7a34cbeeda78be4c4157946fce74cef16,Connexus-inc/connexus-web-client,2026-04-07T10:53:24+05:30,Ramesh P R,fix: disabled property  filter for child policies,0.4558,2,0.0,0.0,0.0,0.0,,0.2279,
CX-3419,Vendor Invite flow shows child account properties in property selection dropdown,Vysakh R J,2026-05-27T19:07:09.078+0530,2026-06-03T18:23:53.925+0530,VendorRegistration,,ea0822f3cdc6cddf652e978428f79dbe69390542,Connexus-inc/connexus-web-client,2026-05-25T17:14:38+05:30,Ramesh P R,fix: added vendorId to invite vendor,0.4492,3,0.0,0.0,0.0,0.0,,0.2246,
CX-3419,Vendor Invite flow shows child account properties in property selection dropdown,Vysakh R J,2026-05-27T19:07:09.078+0530,2026-06-03T18:23:53.925+0530,VendorRegistration,,580b711b22ff8535132a5d40077c5eb4b6e22906,Connexus-inc/connexus-web-client,2026-05-13T21:05:58+05:30,Varun Wilson,fix: initial config,0.4441,4,0.0,0.0,0.0,0.0,,0.2221,
CX-3419,Vendor Invite flow shows child account properties in property selection dropdown,Vysakh R J,2026-05-27T19:07:09.078+0530,2026-06-03T18:23:53.925+0530,VendorRegistration,,bd82b678646d72a3e27b6374de11de443544115a,Connexus-inc/connexus-web-api,2026-06-10T14:01:02+05:30,Vysakh R J,docs(cleanup): add design for orphan client-vendor connection cleanup,0.4368,5,0.0,0.0,0.0,0.0,,0.2184,
CX-3419,Vendor Invite flow shows child account properties in property selection dropdown,Vysakh R J,2026-05-27T19:07:09.078+0530,2026-06-03T18:23:53.925+0530,VendorRegistration,,2ee1a54b2b7ae1825e1bb191e406068a04be0249,Connexus-inc/connexus-web-client,2026-04-07T10:16:11+05:30,Ramesh P R,fix: disabled client filter for child policies,0.4332,6,0.0,0.0,0.0,0.0,,0.2166,
CX-3419,Vendor Invite flow shows child account properties in property selection dropdown,Vysakh R J,2026-05-27T19:07:09.078+0530,2026-06-03T18:23:53.925+0530,VendorRegistration,,01d1dd39cdfbd8926089764ddcee227a01510123,Connexus-inc/connexus-web-api,2026-06-09T00:57:48+05:30,Vysakh R J,docs(client-vendors): add invite-status check design spec and implementation plan,0.4302,7,0.0,0.0,0.0,0.0,,0.2151,
CX-3419,Vendor Invite flow shows child account properties in property selection dropdown,Vysakh R J,2026-05-27T19:07:09.078+0530,2026-06-03T18:23:53.925+0530,VendorRegistration,,5e6a5859fe844f72c201cdae80f3db0e23187a12,Connexus-inc/connexus-web-client,2026-04-07T12:28:29+05:30,basimneoito,Merge pull request #1951 from Connexus-inc/fix/ppty_insurance_updates,0.4255,8,0.0,0.0,0.0,0.0,,0.2128,
CX-3420,"Incorrect Subject, Missing KYB Content, and Footer Mismatch in Vendor Invitation Email",Rakhesh J,2026-05-27T19:21:31.697+0530,2026-06-10T14:55:14.711+0530,VendorRegistration,,57db8d2dba3db5e2a865e6963bb29a99e48361ab,Connexus-inc/connexus-web-api,2026-06-11T12:54:44+05:30,ajaydev,fix: email template footer,0.6045,1,0.0,0.0,0.0,0.0,,0.3023,
CX-3420,"Incorrect Subject, Missing KYB Content, and Footer Mismatch in Vendor Invitation Email",Rakhesh J,2026-05-27T19:21:31.697+0530,2026-06-10T14:55:14.711+0530,VendorRegistration,,1e38e7aef1c8b1079de0e25cb0fd16bbac05070b,Connexus-inc/connexus-web-client,2026-06-15T12:05:12+05:30,varunw92,Merge pull request #2173 from Connexus-inc/fix/vendor-invite-fixes,0.5707,2,0.0,0.0,0.0,0.0,,0.2854,
CX-3420,"Incorrect Subject, Missing KYB Content, and Footer Mismatch in Vendor Invitation Email",Rakhesh J,2026-05-27T19:21:31.697+0530,2026-06-10T14:55:14.711+0530,VendorRegistration,,149fcf57a5a2441dfb7f3ba0322305c14065b3e8,Connexus-inc/connexus-web-api,2026-05-29T15:07:01+05:30,basimneoito,Merge pull request #2025 from Connexus-inc/ajay/fix/kyb-status,0.5681,3,0.0,0.0,0.0,0.0,,0.2841,
CX-3420,"Incorrect Subject, Missing KYB Content, and Footer Mismatch in Vendor Invitation Email",Rakhesh J,2026-05-27T19:21:31.697+0530,2026-06-10T14:55:14.711+0530,VendorRegistration,,915f3afd2508ba9214a0692a50d3d560b1cb427d,Connexus-inc/connexus-web-api,2026-05-29T11:08:43+05:30,basimneoito,Merge pull request #2020 from Connexus-inc/ajay/fix/resend-invite-fix,0.5487,4,0.0,0.0,0.0,0.0,,0.2743,
CX-3420,"Incorrect Subject, Missing KYB Content, and Footer Mismatch in Vendor Invitation Email",Rakhesh J,2026-05-27T19:21:31.697+0530,2026-06-10T14:55:14.711+0530,VendorRegistration,,fb584c608408ab4d9c603a4d270169f3591c433b,Connexus-inc/connexus-web-client,2026-06-01T17:40:25+05:30,varunw92,Merge pull request #2122 from Connexus-inc/fix/vendor-invite-fixes,0.5461,5,0.0,0.0,0.0,0.0,,0.2731,
CX-3420,"Incorrect Subject, Missing KYB Content, and Footer Mismatch in Vendor Invitation Email",Rakhesh J,2026-05-27T19:21:31.697+0530,2026-06-10T14:55:14.711+0530,VendorRegistration,,0cb73147ce0258a3839efbe225018eb36daf0343,Connexus-inc/connexus-web-api,2026-05-29T13:37:47+05:30,AJAY DEV,Merge pull request #2022 from Connexus-inc/ajay/fix/vendor-retry-invite-reuse,0.5455,6,0.0,0.0,0.0,0.0,,0.2728,
CX-3420,"Incorrect Subject, Missing KYB Content, and Footer Mismatch in Vendor Invitation Email",Rakhesh J,2026-05-27T19:21:31.697+0530,2026-06-10T14:55:14.711+0530,VendorRegistration,,108d0cc02cfb3bd3598a67dd3d5d8ed498a3964c,Connexus-inc/connexus-web-client,2026-05-29T11:30:12+05:30,varunw92,Merge pull request #2104 from Connexus-inc/fix/vendor-invite-fixes,0.5382,7,0.0,0.0,0.0,0.0,,0.2691,
CX-3420,"Incorrect Subject, Missing KYB Content, and Footer Mismatch in Vendor Invitation Email",Rakhesh J,2026-05-27T19:21:31.697+0530,2026-06-10T14:55:14.711+0530,VendorRegistration,,8c76324e7fe151f433c9348869b0a0bd2dfacab2,Connexus-inc/connexus-web-client,2026-06-23T16:46:09+05:30,varunw92,Merge pull request #2184 from Connexus-inc/fix/vendor-invite-fixes,0.5362,8,0.0,0.0,0.0,0.0,,0.2681,
CX-3421,“Invite” button is enabled before completing all required fields,rameshpr,2026-05-27T20:29:04.015+0530,2026-06-01T12:49:48.702+0530,VendotInvite,TRUE,a527bb94c2b5bd690690e3cbe66bb7af19031c9d,Connexus-inc/connexus-web-client,2026-06-01T16:23:25+05:30,Ramesh P R,fix: bug fixes for vendor invite form fields,0.5321,1,0.0,0.0,0.0,0.0,,0.266,
CX-3421,“Invite” button is enabled before completing all required fields,rameshpr,2026-05-27T20:29:04.015+0530,2026-06-01T12:49:48.702+0530,VendotInvite,TRUE,fb584c608408ab4d9c603a4d270169f3591c433b,Connexus-inc/connexus-web-client,2026-06-01T17:40:25+05:30,varunw92,Merge pull request #2122 from Connexus-inc/fix/vendor-invite-fixes,0.5202,2,0.0,0.0,0.0,0.0,,0.2601,
CX-3421,“Invite” button is enabled before completing all required fields,rameshpr,2026-05-27T20:29:04.015+0530,2026-06-01T12:49:48.702+0530,VendotInvite,TRUE,7374f7c7f7293a483c93fa71a4696c29f4121b13,Connexus-inc/connexus-web-client,2026-05-29T11:17:15+05:30,Ramesh P R,"fix: fixes for cx-3421,3424,3429,3418",0.4789,3,0.0,0.0,0.0,0.0,,0.2394,
CX-3421,“Invite” button is enabled before completing all required fields,rameshpr,2026-05-27T20:29:04.015+0530,2026-06-01T12:49:48.702+0530,VendotInvite,TRUE,705ab3941f1859efda5806efd26a29cf285e3726,Connexus-inc/connexus-web-client,2026-05-22T17:06:10+05:30,Ramesh P R,feat: status based routing during vendor registration,0.4718,4,0.0,0.0,0.0,0.0,,0.2359,
CX-3421,“Invite” button is enabled before completing all required fields,rameshpr,2026-05-27T20:29:04.015+0530,2026-06-01T12:49:48.702+0530,VendotInvite,TRUE,87002ae9c284f224d07406a18b98d144b8b1dec7,Connexus-inc/connexus-web-api,2026-06-02T18:02:43+05:30,Vysakh R J,Merge pull request #2039 from Connexus-inc/fix-vendor-invite-restriction,0.4682,5,0.0,0.0,0.0,0.0,,0.2341,
CX-3421,“Invite” button is enabled before completing all required fields,rameshpr,2026-05-27T20:29:04.015+0530,2026-06-01T12:49:48.702+0530,VendotInvite,TRUE,7528b128b458c34063d25d40372ad4ef199168de,Connexus-inc/connexus-web-client,2026-06-02T13:21:43+05:30,Ramesh P R,fix: merge fix,0.4659,6,0.0,0.0,0.0,0.0,,0.233,
CX-3421,“Invite” button is enabled before completing all required fields,rameshpr,2026-05-27T20:29:04.015+0530,2026-06-01T12:49:48.702+0530,VendotInvite,TRUE,d9a26ad86ee71b28f2c4a67e9b75e263c8fb6a85,Connexus-inc/connexus-web-client,2026-06-11T15:50:29+05:30,varunw92,Merge pull request #2157 from Connexus-inc/fix/vendor-invite-fixes,0.454,7,0.0,0.0,0.0,0.0,,0.227,
CX-3421,“Invite” button is enabled before completing all required fields,rameshpr,2026-05-27T20:29:04.015+0530,2026-06-01T12:49:48.702+0530,VendotInvite,TRUE,19cdffec633014620a20097d740caec4ea27ddd9,Connexus-inc/connexus-web-client,2026-06-12T15:18:43+05:30,Ramesh P R,fix: updated invalidate mail message,0.4464,8,0.0,0.0,0.0,0.0,,0.2232,
CX-3422,“Services Requiring Insurance” field is not auto-populating selected services in Confirm Vendor Details page,Rakhesh J,2026-05-27T20:38:48.587+0530,2026-06-01T17:50:01.198+0530,VendotInvite,,c8c66011f51bbdecabeffc96c73e0071041e0ea7,Connexus-inc/connexus-web-client,2026-04-07T20:21:03+05:30,varunw92,Merge pull request #1955 from Connexus-inc/fix/ppty_insurance_updates,0.4415,1,0.0,0.0,0.0,0.0,,0.2207,
CX-3422,“Services Requiring Insurance” field is not auto-populating selected services in Confirm Vendor Details page,Rakhesh J,2026-05-27T20:38:48.587+0530,2026-06-01T17:50:01.198+0530,VendotInvite,,f64dbd7befe555557a69bb180409439044c01c0a,Connexus-inc/connexus-web-client,2026-02-16T17:45:27+05:30,varunw92,Merge pull request #1686 from Connexus-inc/fix/ppty_insurance_updates,0.4413,2,0.0,0.0,0.0,0.0,,0.2207,
CX-3422,“Services Requiring Insurance” field is not auto-populating selected services in Confirm Vendor Details page,Rakhesh J,2026-05-27T20:38:48.587+0530,2026-06-01T17:50:01.198+0530,VendotInvite,,8f6341f9b7237092b9866919714e1062d547652e,Connexus-inc/connexus-web-client,2026-02-20T16:14:32+05:30,Ramesh P R,fix: endorsement popup filters fix,0.4381,3,0.0,0.0,0.0,0.0,,0.219,
CX-3422,“Services Requiring Insurance” field is not auto-populating selected services in Confirm Vendor Details page,Rakhesh J,2026-05-27T20:38:48.587+0530,2026-06-01T17:50:01.198+0530,VendotInvite,,a527bb94c2b5bd690690e3cbe66bb7af19031c9d,Connexus-inc/connexus-web-client,2026-06-01T16:23:25+05:30,Ramesh P R,fix: bug fixes for vendor invite form fields,0.4327,4,0.0,0.0,0.0,0.0,,0.2164,
CX-3422,“Services Requiring Insurance” field is not auto-populating selected services in Confirm Vendor Details page,Rakhesh J,2026-05-27T20:38:48.587+0530,2026-06-01T17:50:01.198+0530,VendotInvite,,01d1dd39cdfbd8926089764ddcee227a01510123,Connexus-inc/connexus-web-api,2026-06-09T00:57:48+05:30,Vysakh R J,docs(client-vendors): add invite-status check design spec and implementation plan,0.4311,5,0.0,0.0,0.0,0.0,,0.2155,
CX-3422,“Services Requiring Insurance” field is not auto-populating selected services in Confirm Vendor Details page,Rakhesh J,2026-05-27T20:38:48.587+0530,2026-06-01T17:50:01.198+0530,VendotInvite,,dde8612b514cdc21b2c6ac1076d1e37274c044ec,Connexus-inc/connexus-web-client,2026-06-01T15:08:50+05:30,Ramesh P R,fix: added autofill for primary contacts in vendor invite,0.4248,6,0.0,0.0,0.0,0.0,,0.2124,
CX-3422,“Services Requiring Insurance” field is not auto-populating selected services in Confirm Vendor Details page,Rakhesh J,2026-05-27T20:38:48.587+0530,2026-06-01T17:50:01.198+0530,VendotInvite,,69c8bbd512f43abc306863ad227dc51aa9f202c3,Connexus-inc/connexus-web-api,2026-01-27T12:27:46+05:30,Varun Wilson,fix: insurance policy enrty creation corrected,0.422,7,0.0,0.0,0.0,0.0,,0.211,
CX-3422,“Services Requiring Insurance” field is not auto-populating selected services in Confirm Vendor Details page,Rakhesh J,2026-05-27T20:38:48.587+0530,2026-06-01T17:50:01.198+0530,VendotInvite,,5ca1335b7468e7b499a3e2356052f55c6bc0d569,Connexus-inc/connexus-web-api,2026-06-30T12:38:11+05:30,Vysakh R J,fix: logic issue fixes,0.4148,8,0.0,0.0,0.0,0.0,,0.2074,
CX-3424,Incorrect vendor status displayed after sending invitation,rameshpr,2026-05-27T20:56:54.961+0530,2026-06-03T23:21:05.328+0530,VendotInvite,,108d0cc02cfb3bd3598a67dd3d5d8ed498a3964c,Connexus-inc/connexus-web-client,2026-05-29T11:30:12+05:30,varunw92,Merge pull request #2104 from Connexus-inc/fix/vendor-invite-fixes,0.518,1,0.0,0.0,0.0,0.0,,0.259,
CX-3424,Incorrect vendor status displayed after sending invitation,rameshpr,2026-05-27T20:56:54.961+0530,2026-06-03T23:21:05.328+0530,VendotInvite,,d9a26ad86ee71b28f2c4a67e9b75e263c8fb6a85,Connexus-inc/connexus-web-client,2026-06-11T15:50:29+05:30,varunw92,Merge pull request #2157 from Connexus-inc/fix/vendor-invite-fixes,0.5166,2,0.0,0.0,0.0,0.0,,0.2583,
CX-3424,Incorrect vendor status displayed after sending invitation,rameshpr,2026-05-27T20:56:54.961+0530,2026-06-03T23:21:05.328+0530,VendotInvite,,3b2083ce47ca12785eeab3bf7bb59fa3e788f81a,Connexus-inc/connexus-web-api,2026-06-30T17:58:25+05:30,basimneoito,Merge pull request #2113 from Connexus-inc/vendor-invite-status-exempt-flow,0.513,3,0.0,0.0,0.0,0.0,,0.2565,
CX-3424,Incorrect vendor status displayed after sending invitation,rameshpr,2026-05-27T20:56:54.961+0530,2026-06-03T23:21:05.328+0530,VendotInvite,,d42a7e7eceeb88a1c721ea362e2c6c2161a03701,Connexus-inc/connexus-web-api,2026-06-23T11:18:53+05:30,basimneoito,Merge pull request #2103 from Connexus-inc/vendor-invite-status-exempt-flow,0.5122,4,0.0,0.0,0.0,0.0,,0.2561,
CX-3424,Incorrect vendor status displayed after sending invitation,rameshpr,2026-05-27T20:56:54.961+0530,2026-06-03T23:21:05.328+0530,VendotInvite,,fe466184b6d9f7d121a352847b08cd4a5e39ddcc,Connexus-inc/connexus-web-api,2026-06-24T10:10:04+05:30,basimneoito,Merge pull request #2108 from Connexus-inc/vendor-invite-status-exempt-flow,0.5118,5,0.0,0.0,0.0,0.0,,0.2559,
CX-3424,Incorrect vendor status displayed after sending invitation,rameshpr,2026-05-27T20:56:54.961+0530,2026-06-03T23:21:05.328+0530,VendotInvite,,fed419c0718b2279902142d609f5bc89d3869571,Connexus-inc/connexus-web-api,2026-06-09T12:06:05+05:30,AJAY DEV,Merge pull request #2064 from Connexus-inc/feat/vendor-invite-status-check,0.5114,6,0.0,0.0,0.0,0.0,,0.2557,
CX-3424,Incorrect vendor status displayed after sending invitation,rameshpr,2026-05-27T20:56:54.961+0530,2026-06-03T23:21:05.328+0530,VendotInvite,,8c76324e7fe151f433c9348869b0a0bd2dfacab2,Connexus-inc/connexus-web-client,2026-06-23T16:46:09+05:30,varunw92,Merge pull request #2184 from Connexus-inc/fix/vendor-invite-fixes,0.5087,7,0.0,0.0,0.0,0.0,,0.2544,
CX-3424,Incorrect vendor status displayed after sending invitation,rameshpr,2026-05-27T20:56:54.961+0530,2026-06-03T23:21:05.328+0530,VendotInvite,,2bddb8f94035796b755c2a54f10ad63785a2c127,Connexus-inc/connexus-web-client,2026-05-29T17:16:05+05:30,Ramesh P R,fix: bug fixes,0.5003,8,0.0,0.0,0.0,0.0,,0.2502,
CX-3428,Preferred Vendors Added for Newly Created Client Not Reflected in Client Vendor Module,Vysakh R J,2026-05-29T10:18:56.100+0530,2026-06-11T19:20:26.419+0530,VendorRegistration,,bd82b678646d72a3e27b6374de11de443544115a,Connexus-inc/connexus-web-api,2026-06-10T14:01:02+05:30,Vysakh R J,docs(cleanup): add design for orphan client-vendor connection cleanup,0.5636,1,0.0,0.0,0.0,0.0,,0.2818,
CX-3428,Preferred Vendors Added for Newly Created Client Not Reflected in Client Vendor Module,Vysakh R J,2026-05-29T10:18:56.100+0530,2026-06-11T19:20:26.419+0530,VendorRegistration,,88a16ff2b384433abba951b8b3e04545299331eb,Connexus-inc/connexus-web-client,2026-01-27T22:34:47+05:30,varunw92,Merge pull request #1588 from Connexus-inc/vendor-to-profile-vendorview,0.5501,2,0.0,0.0,0.0,0.0,,0.275,
CX-3428,Preferred Vendors Added for Newly Created Client Not Reflected in Client Vendor Module,Vysakh R J,2026-05-29T10:18:56.100+0530,2026-06-11T19:20:26.419+0530,VendorRegistration,,c9ae6282cf8eda6133efe0de47aa1fa0a3c98cbd,Connexus-inc/connexus-web-api,2026-06-10T14:01:03+05:30,Vysakh R J,refactor(scripts): drop contracts and msa sources from client-vendor backfill,0.5454,3,0.0,0.0,0.0,0.0,,0.2727,
CX-3428,Preferred Vendors Added for Newly Created Client Not Reflected in Client Vendor Module,Vysakh R J,2026-05-29T10:18:56.100+0530,2026-06-11T19:20:26.419+0530,VendorRegistration,,3677acd1bfb76f55bb0e31a7a0481f5864943531,Connexus-inc/connexus-web-api,2026-06-02T15:47:44+05:30,Varun Wilson,feat: add conflict exception for incomplete vendor onboarding in ClientVendorsService,0.5256,4,0.0,0.0,0.0,0.0,,0.2628,
CX-3428,Preferred Vendors Added for Newly Created Client Not Reflected in Client Vendor Module,Vysakh R J,2026-05-29T10:18:56.100+0530,2026-06-11T19:20:26.419+0530,VendorRegistration,,580b711b22ff8535132a5d40077c5eb4b6e22906,Connexus-inc/connexus-web-client,2026-05-13T21:05:58+05:30,Varun Wilson,fix: initial config,0.5204,5,0.0,0.0,0.0,0.0,,0.2602,
CX-3428,Preferred Vendors Added for Newly Created Client Not Reflected in Client Vendor Module,Vysakh R J,2026-05-29T10:18:56.100+0530,2026-06-11T19:20:26.419+0530,VendorRegistration,,e9dbd5b60c10152537afcadcbdc873a6ba9ceba2,Connexus-inc/connexus-web-api,2026-06-10T14:01:03+05:30,Vysakh R J,fix(contracts): stop creating client-vendor connections from contracts and MSA,0.5173,6,0.0,0.0,0.0,0.0,,0.2586,
CX-3428,Preferred Vendors Added for Newly Created Client Not Reflected in Client Vendor Module,Vysakh R J,2026-05-29T10:18:56.100+0530,2026-06-11T19:20:26.419+0530,VendorRegistration,,6b3cfce74ffc796c5e718a8e49130201bda251e1,Connexus-inc/connexus-web-client,2026-06-01T15:25:21+05:30,varunw92,Merge pull request #2119 from Connexus-inc/feat-client-vendor-workspace,0.5112,7,0.0,0.0,0.0,0.0,,0.2556,
CX-3428,Preferred Vendors Added for Newly Created Client Not Reflected in Client Vendor Module,Vysakh R J,2026-05-29T10:18:56.100+0530,2026-06-11T19:20:26.419+0530,VendorRegistration,,a92201ea6728214f866cb9eb256103311ccab350,Connexus-inc/connexus-web-client,2026-07-01T12:57:39+05:30,Ramesh P R,fix: updated permission for client to see client-vendor properties,0.4962,8,0.0,0.0,0.0,0.0,,0.2481,
CX-3429,Phone Number Field Allows More Than 10 Digits in Vendor Invite Flow even though validation is present,rameshpr,2026-05-29T10:59:55.907+0530,2026-06-01T14:15:03.066+0530,VendorRegistration,,594947f253d0509b9189d7436800826f737c409b,Connexus-inc/connexus-web-client,2026-06-08T16:33:22+05:30,Ramesh P R,fix: phone number field update in invite vendor form,0.5093,2,0.7,1.0,1.0,0.83,moderate,0.6697,TRUE
CX-3429,Phone Number Field Allows More Than 10 Digits in Vendor Invite Flow even though validation is present,rameshpr,2026-05-29T10:59:55.907+0530,2026-06-01T14:15:03.066+0530,VendorRegistration,,8ab40adf99389a0d5f6778a120f94eb5553ee4d5,Connexus-inc/connexus-web-client,2026-06-08T17:20:46+05:30,varunw92,Merge pull request #2146 from Connexus-inc/fix/vendor-invite-fixes,0.5303,1,0.0,0.0,0.0,0.0,,0.2651,
CX-3429,Phone Number Field Allows More Than 10 Digits in Vendor Invite Flow even though validation is present,rameshpr,2026-05-29T10:59:55.907+0530,2026-06-01T14:15:03.066+0530,VendorRegistration,,01d1dd39cdfbd8926089764ddcee227a01510123,Connexus-inc/connexus-web-api,2026-06-09T00:57:48+05:30,Vysakh R J,docs(client-vendors): add invite-status check design spec and implementation plan,0.4902,3,0.0,0.0,0.0,0.0,,0.2451,
CX-3429,Phone Number Field Allows More Than 10 Digits in Vendor Invite Flow even though validation is present,rameshpr,2026-05-29T10:59:55.907+0530,2026-06-01T14:15:03.066+0530,VendorRegistration,,7ef7b9bab490e5c4337d5e9b815791cfe3beb766,Connexus-inc/connexus-web-client,2026-06-01T17:19:54+05:30,Ramesh P R,fix: vendor invite primary contact prefill - made mobile optional,0.4458,4,0.0,0.0,0.0,0.0,,0.2229,
CX-3429,Phone Number Field Allows More Than 10 Digits in Vendor Invite Flow even though validation is present,rameshpr,2026-05-29T10:59:55.907+0530,2026-06-01T14:15:03.066+0530,VendorRegistration,,1026a21555b0a2e20942672bee9431d05f47b7c1,Connexus-inc/connexus-web-client,2026-06-10T15:24:11+05:30,rakhesh.j,feat(venor-compliance): phone number auto populate issue fix,0.4441,5,0.0,0.0,0.0,0.0,,0.222,
CX-3429,Phone Number Field Allows More Than 10 Digits in Vendor Invite Flow even though validation is present,rameshpr,2026-05-29T10:59:55.907+0530,2026-06-01T14:15:03.066+0530,VendorRegistration,,2dcb51f5a64c8b5d924ba3b035426e63debea6ac,Connexus-inc/connexus-web-api,2026-04-29T12:01:04+05:30,ajaydev,fix: phone validation,0.4388,6,0.0,0.0,0.0,0.0,,0.2194,
CX-3429,Phone Number Field Allows More Than 10 Digits in Vendor Invite Flow even though validation is present,rameshpr,2026-05-29T10:59:55.907+0530,2026-06-01T14:15:03.066+0530,VendorRegistration,,659d7181e9b6ca726256a3082b86b5ff212e1cc7,Connexus-inc/connexus-web-client,2026-06-15T14:38:59+05:30,rakhesh.j,fix(venor-compliance): phone extension edit bug fix,0.4328,7,0.0,0.0,0.0,0.0,,0.2164,
CX-3429,Phone Number Field Allows More Than 10 Digits in Vendor Invite Flow even though validation is present,rameshpr,2026-05-29T10:59:55.907+0530,2026-06-01T14:15:03.066+0530,VendorRegistration,,48a8648edeaa24fc648ef638a5393db59a46d8e6,Connexus-inc/connexus-web-api,2026-04-22T22:50:20+05:30,ajaydev,fix: address min length,0.4186,8,0.0,0.0,0.0,0.0,,0.2093,
CX-3430,Resent Invitation Link Displays Non-User-Friendly Error Message for Previous Invite Link,ajay.dev,2026-05-29T11:15:26.170+0530,2026-06-15T18:28:34.991+0530,VendorRegistration,,0cb73147ce0258a3839efbe225018eb36daf0343,Connexus-inc/connexus-web-api,2026-05-29T13:37:47+05:30,AJAY DEV,Merge pull request #2022 from Connexus-inc/ajay/fix/vendor-retry-invite-reuse,0.7066,2,0.85,1.0,0.158,0.722,moderate,0.7143,TRUE
CX-3430,Resent Invitation Link Displays Non-User-Friendly Error Message for Previous Invite Link,ajay.dev,2026-05-29T11:15:26.170+0530,2026-06-15T18:28:34.991+0530,VendorRegistration,,7a6a9b1209e7f36f79a024d71821a9b0ce3fba11,Connexus-inc/connexus-web-api,2026-06-15T11:02:32+05:30,ajaydev,fix: change error message,0.6683,3,0.7,1.0,0.375,0.705,soft,0.6866,TRUE
CX-3430,Resent Invitation Link Displays Non-User-Friendly Error Message for Previous Invite Link,ajay.dev,2026-05-29T11:15:26.170+0530,2026-06-15T18:28:34.991+0530,VendorRegistration,,19cdffec633014620a20097d740caec4ea27ddd9,Connexus-inc/connexus-web-client,2026-06-12T15:18:43+05:30,Ramesh P R,fix: updated invalidate mail message,0.7543,1,0.0,0.0,0.0,0.0,,0.3772,
CX-3430,Resent Invitation Link Displays Non-User-Friendly Error Message for Previous Invite Link,ajay.dev,2026-05-29T11:15:26.170+0530,2026-06-15T18:28:34.991+0530,VendorRegistration,,1e38e7aef1c8b1079de0e25cb0fd16bbac05070b,Connexus-inc/connexus-web-client,2026-06-15T12:05:12+05:30,varunw92,Merge pull request #2173 from Connexus-inc/fix/vendor-invite-fixes,0.6659,4,0.0,0.0,0.0,0.0,,0.3329,
CX-3430,Resent Invitation Link Displays Non-User-Friendly Error Message for Previous Invite Link,ajay.dev,2026-05-29T11:15:26.170+0530,2026-06-15T18:28:34.991+0530,VendorRegistration,,915f3afd2508ba9214a0692a50d3d560b1cb427d,Connexus-inc/connexus-web-api,2026-05-29T11:08:43+05:30,basimneoito,Merge pull request #2020 from Connexus-inc/ajay/fix/resend-invite-fix,0.6578,5,0.0,0.0,0.0,0.0,,0.3289,
CX-3430,Resent Invitation Link Displays Non-User-Friendly Error Message for Previous Invite Link,ajay.dev,2026-05-29T11:15:26.170+0530,2026-06-15T18:28:34.991+0530,VendorRegistration,,fb584c608408ab4d9c603a4d270169f3591c433b,Connexus-inc/connexus-web-client,2026-06-01T17:40:25+05:30,varunw92,Merge pull request #2122 from Connexus-inc/fix/vendor-invite-fixes,0.6262,6,0.0,0.0,0.0,0.0,,0.3131,
CX-3430,Resent Invitation Link Displays Non-User-Friendly Error Message for Previous Invite Link,ajay.dev,2026-05-29T11:15:26.170+0530,2026-06-15T18:28:34.991+0530,VendorRegistration,,87002ae9c284f224d07406a18b98d144b8b1dec7,Connexus-inc/connexus-web-api,2026-06-02T18:02:43+05:30,Vysakh R J,Merge pull request #2039 from Connexus-inc/fix-vendor-invite-restriction,0.6242,7,0.0,0.0,0.0,0.0,,0.3121,
CX-3430,Resent Invitation Link Displays Non-User-Friendly Error Message for Previous Invite Link,ajay.dev,2026-05-29T11:15:26.170+0530,2026-06-15T18:28:34.991+0530,VendorRegistration,,108d0cc02cfb3bd3598a67dd3d5d8ed498a3964c,Connexus-inc/connexus-web-client,2026-05-29T11:30:12+05:30,varunw92,Merge pull request #2104 from Connexus-inc/fix/vendor-invite-fixes,0.6067,8,0.0,0.0,0.0,0.0,,0.3034,
CX-3431,Phone number added through Vendor Invite shows undefined in the Vendor Profile contact list.,Rakhesh J,2026-05-29T11:37:33.955+0530,2026-06-15T09:25:09.516+0530,VendotInvite,,1026a21555b0a2e20942672bee9431d05f47b7c1,Connexus-inc/connexus-web-client,2026-06-10T15:24:11+05:30,rakhesh.j,feat(venor-compliance): phone number auto populate issue fix,0.5414,8,0.85,1.0,0.5,0.79,strong,0.6657,TRUE
CX-3431,Phone number added through Vendor Invite shows undefined in the Vendor Profile contact list.,Rakhesh J,2026-05-29T11:37:33.955+0530,2026-06-15T09:25:09.516+0530,VendotInvite,,959a6f32854a828ded41197b640bb3b472c893c7,Connexus-inc/connexus-web-client,2026-06-11T21:03:13+05:30,rakhesh.j,feat(venor-compliance): phone extension error fix,0.5626,5,0.85,1.0,0.273,0.745,moderate,0.6538,TRUE
CX-3431,Phone number added through Vendor Invite shows undefined in the Vendor Profile contact list.,Rakhesh J,2026-05-29T11:37:33.955+0530,2026-06-15T09:25:09.516+0530,VendotInvite,,8ab40adf99389a0d5f6778a120f94eb5553ee4d5,Connexus-inc/connexus-web-client,2026-06-08T17:20:46+05:30,varunw92,Merge pull request #2146 from Connexus-inc/fix/vendor-invite-fixes,0.6747,1,0.0,0.0,0.0,0.0,,0.3373,
CX-3431,Phone number added through Vendor Invite shows undefined in the Vendor Profile contact list.,Rakhesh J,2026-05-29T11:37:33.955+0530,2026-06-15T09:25:09.516+0530,VendotInvite,,594947f253d0509b9189d7436800826f737c409b,Connexus-inc/connexus-web-client,2026-06-08T16:33:22+05:30,Ramesh P R,fix: phone number field update in invite vendor form,0.6273,2,0.0,0.0,0.0,0.0,,0.3136,
CX-3431,Phone number added through Vendor Invite shows undefined in the Vendor Profile contact list.,Rakhesh J,2026-05-29T11:37:33.955+0530,2026-06-15T09:25:09.516+0530,VendotInvite,,7ef7b9bab490e5c4337d5e9b815791cfe3beb766,Connexus-inc/connexus-web-client,2026-06-01T17:19:54+05:30,Ramesh P R,fix: vendor invite primary contact prefill - made mobile optional,0.5938,3,0.0,0.0,0.0,0.0,,0.2969,
CX-3431,Phone number added through Vendor Invite shows undefined in the Vendor Profile contact list.,Rakhesh J,2026-05-29T11:37:33.955+0530,2026-06-15T09:25:09.516+0530,VendotInvite,,fe9176934a35ee2838962fd78ee8b5015e998d3a,Connexus-inc/connexus-web-api,2026-04-29T13:31:27+05:30,ajaydev,fix: add phone extension,0.5672,4,0.0,0.0,0.0,0.0,,0.2836,
CX-3431,Phone number added through Vendor Invite shows undefined in the Vendor Profile contact list.,Rakhesh J,2026-05-29T11:37:33.955+0530,2026-06-15T09:25:09.516+0530,VendotInvite,,01d1dd39cdfbd8926089764ddcee227a01510123,Connexus-inc/connexus-web-api,2026-06-09T00:57:48+05:30,Vysakh R J,docs(client-vendors): add invite-status check design spec and implementation plan,0.5454,6,0.0,0.0,0.0,0.0,,0.2727,
CX-3431,Phone number added through Vendor Invite shows undefined in the Vendor Profile contact list.,Rakhesh J,2026-05-29T11:37:33.955+0530,2026-06-15T09:25:09.516+0530,VendotInvite,,32c9744f5bdf561e75909db17e8fdc8b6ef19a3b,Connexus-inc/connexus-web-client,2026-05-21T18:16:16+05:30,rakhesh.j,feat(venor-compliance): vendor compliance confirm vendor details form ui,0.5417,7,0.0,0.0,0.0,0.0,,0.2708,
CX-3432,KYB Verification option should be hidden if the vendor is not yet invited.,rameshpr,2026-05-29T11:42:52.244+0530,2026-06-03T22:55:39.598+0530,VendotInvite,,520ff1f0016940c73dc2cf9053bc59ab80dafab4,Connexus-inc/connexus-web-client,2026-05-14T15:07:55+05:30,Ramesh P R,fix: updates based on review comments,0.4308,1,0.0,0.0,0.0,0.0,,0.2154,
CX-3432,KYB Verification option should be hidden if the vendor is not yet invited.,rameshpr,2026-05-29T11:42:52.244+0530,2026-06-03T22:55:39.598+0530,VendotInvite,,5b5c82ac642f6d908e4386206c14f859f60222b2,Connexus-inc/connexus-web-client,2026-05-14T11:51:31+05:30,Ramesh P R,fix: updated the dummy api call,0.4285,2,0.0,0.0,0.0,0.0,,0.2143,
CX-3432,KYB Verification option should be hidden if the vendor is not yet invited.,rameshpr,2026-05-29T11:42:52.244+0530,2026-06-03T22:55:39.598+0530,VendotInvite,,63e499f696f73116fc77d78ff0f117a6a26ef295,Connexus-inc/connexus-web-client,2026-05-28T00:03:31+05:30,rakhesh.j,feat(venor-compliance): vendor verification api integrations added dev test pending,0.4214,3,0.0,0.0,0.0,0.0,,0.2107,
CX-3432,KYB Verification option should be hidden if the vendor is not yet invited.,rameshpr,2026-05-29T11:42:52.244+0530,2026-06-03T22:55:39.598+0530,VendotInvite,,ddd00d4cca4d7d0d3b8c524f877e2d78e73ef9d6,Connexus-inc/connexus-web-api,2026-05-25T14:28:40+05:30,Vysakh R J,Merge pull request #2005 from Connexus-inc/feat-vendor-invite-registration,0.4195,4,0.0,0.0,0.0,0.0,,0.2097,
CX-3432,KYB Verification option should be hidden if the vendor is not yet invited.,rameshpr,2026-05-29T11:42:52.244+0530,2026-06-03T22:55:39.598+0530,VendotInvite,,d9a26ad86ee71b28f2c4a67e9b75e263c8fb6a85,Connexus-inc/connexus-web-client,2026-06-11T15:50:29+05:30,varunw92,Merge pull request #2157 from Connexus-inc/fix/vendor-invite-fixes,0.4173,5,0.0,0.0,0.0,0.0,,0.2086,
CX-3432,KYB Verification option should be hidden if the vendor is not yet invited.,rameshpr,2026-05-29T11:42:52.244+0530,2026-06-03T22:55:39.598+0530,VendotInvite,,d0ff603112d98521900981e1afe6bf4b911fe256,Connexus-inc/connexus-web-client,2026-06-19T14:28:32+05:30,varunw92,Merge pull request #2180 from Connexus-inc/fix/update-business-verified,0.4096,6,0.0,0.0,0.0,0.0,,0.2048,
CX-3432,KYB Verification option should be hidden if the vendor is not yet invited.,rameshpr,2026-05-29T11:42:52.244+0530,2026-06-03T22:55:39.598+0530,VendotInvite,,149fcf57a5a2441dfb7f3ba0322305c14065b3e8,Connexus-inc/connexus-web-api,2026-05-29T15:07:01+05:30,basimneoito,Merge pull request #2025 from Connexus-inc/ajay/fix/kyb-status,0.4067,7,0.0,0.0,0.0,0.0,,0.2033,
CX-3432,KYB Verification option should be hidden if the vendor is not yet invited.,rameshpr,2026-05-29T11:42:52.244+0530,2026-06-03T22:55:39.598+0530,VendotInvite,,4f0a8100b043e0f4045105d3e715f9f9fba3488a,Connexus-inc/connexus-web-client,2026-06-15T16:56:10+05:30,Ramesh P R,feat: vendor invite list updations based on CR,0.4063,8,0.0,0.0,0.0,0.0,,0.2031,
CX-3433,UI Inconsistency in Vendor Registration Form -Consent Form– Informative Box Missing,Rakhesh J,2026-05-29T12:16:56.340+0530,2026-06-15T19:08:43.353+0530,VendorRegistration,,a986bb00baed3263282a791f906733678c7982d1,Connexus-inc/connexus-web-client,2026-06-01T11:55:24+05:30,rakhesh.j,feat(venor-compliance): consent form ui changes added,0.5399,1,0.85,1.0,0.6,0.81,strong,0.675,TRUE
CX-3433,UI Inconsistency in Vendor Registration Form -Consent Form– Informative Box Missing,Rakhesh J,2026-05-29T12:16:56.340+0530,2026-06-15T19:08:43.353+0530,VendorRegistration,,c8a6660e89760f667c4e3c6417f0c835adcebaea,Connexus-inc/connexus-web-client,2026-05-21T18:14:23+05:30,rakhesh.j,feat(venor-compliance): vendor compliance confirm vendor details form ui,0.4621,5,0.85,1.0,0.5,0.79,strong,0.626,TRUE
CX-3433,UI Inconsistency in Vendor Registration Form -Consent Form– Informative Box Missing,Rakhesh J,2026-05-29T12:16:56.340+0530,2026-06-15T19:08:43.353+0530,VendorRegistration,,af3b06447af2123c9dd33140ad33007bfd582aec,Connexus-inc/connexus-web-client,2026-06-04T13:15:05+05:30,rakhesh.j,feat(venor-compliance): pr comments fix,0.4795,2,0.0,0.0,0.0,0.0,,0.2397,
CX-3433,UI Inconsistency in Vendor Registration Form -Consent Form– Informative Box Missing,Rakhesh J,2026-05-29T12:16:56.340+0530,2026-06-15T19:08:43.353+0530,VendorRegistration,,0977970c572deddd8086b0edc801320742793649,Connexus-inc/connexus-web-client,2026-01-22T19:14:16+05:00,Tariq Shah,fix(cx2599): made address and phone mandartory on forms,0.4793,3,0.0,0.0,0.0,0.0,,0.2396,
CX-3433,UI Inconsistency in Vendor Registration Form -Consent Form– Informative Box Missing,Rakhesh J,2026-05-29T12:16:56.340+0530,2026-06-15T19:08:43.353+0530,VendorRegistration,,3cbedfa8c0b195373ee7d9a2b6229d155b522d7a,Connexus-inc/connexus-web-api,2026-03-12T15:31:08+05:30,Raoof,docs: add e-sign consent and disclosure text design spec,0.4686,4,0.0,0.0,0.0,0.0,,0.2343,
CX-3433,UI Inconsistency in Vendor Registration Form -Consent Form– Informative Box Missing,Rakhesh J,2026-05-29T12:16:56.340+0530,2026-06-15T19:08:43.353+0530,VendorRegistration,,2c1c597b0f28bbb32b39681716b9297fc27db6fa,Connexus-inc/connexus-web-client,2026-06-01T15:26:36+05:30,rakhesh.j,feat(venor-compliance): consent modal accept after scroll removed and button text changed,0.4485,6,0.0,0.0,0.0,0.0,,0.2243,
CX-3433,UI Inconsistency in Vendor Registration Form -Consent Form– Informative Box Missing,Rakhesh J,2026-05-29T12:16:56.340+0530,2026-06-15T19:08:43.353+0530,VendorRegistration,,277f41eb6860b923a995c937a1a2a25fbd49d921,Connexus-inc/connexus-web-client,2026-06-02T09:25:48+05:30,varunw92,Merge pull request #2125 from Connexus-inc/feat/vendor-confirm-page,0.445,7,0.0,0.0,0.0,0.0,,0.2225,
CX-3433,UI Inconsistency in Vendor Registration Form -Consent Form– Informative Box Missing,Rakhesh J,2026-05-29T12:16:56.340+0530,2026-06-15T19:08:43.353+0530,VendorRegistration,,cb1b3e1caf2bd08f18d02f03fbe87adc58fa6228,Connexus-inc/connexus-web-client,2026-06-11T15:41:28+05:30,rakhesh.j,feat(venor-compliance): phone number fix and consent modal changes,0.443,8,0.0,0.0,0.0,0.0,,0.2215,
CX-3434,Services dropdown should display options in alphabetical order.,rameshpr,2026-05-29T12:49:16.990+0530,2026-06-01T12:56:31.820+0530,VendotInvite,,c63ff71f27db70d5981e364dad7d55414a908b4f,Connexus-inc/connexus-web-api,2026-02-16T15:25:57+05:30,Varun Wilson,fix: default sort updated,0.4711,1,0.0,0.0,0.0,0.0,,0.2355,
CX-3434,Services dropdown should display options in alphabetical order.,rameshpr,2026-05-29T12:49:16.990+0530,2026-06-01T12:56:31.820+0530,VendotInvite,,cd0fbaeee4ab092080a33b2c82b53a573de075ca,Connexus-inc/connexus-web-api,2026-02-17T13:06:17+05:30,Varun Wilson,fix: policy agency number sorting null value first on asc,0.4593,2,0.0,0.0,0.0,0.0,,0.2296,
CX-3434,Services dropdown should display options in alphabetical order.,rameshpr,2026-05-29T12:49:16.990+0530,2026-06-01T12:56:31.820+0530,VendotInvite,,5dd16c832aa7fe6126e9ce6df8680a81ea73ce89,Connexus-inc/connexus-web-api,2026-06-24T14:16:38+05:30,Vysakh R J,fix: added sort and filter,0.4355,3,0.0,0.0,0.0,0.0,,0.2178,
CX-3434,Services dropdown should display options in alphabetical order.,rameshpr,2026-05-29T12:49:16.990+0530,2026-06-01T12:56:31.820+0530,VendotInvite,,f688ac12a0855540f14c27dfb8dbf35606f708ff,Connexus-inc/connexus-web-api,2026-05-19T15:59:04+05:30,Vysakh R J,feat: added vendor filter and sort,0.4142,4,0.0,0.0,0.0,0.0,,0.2071,
CX-3434,Services dropdown should display options in alphabetical order.,rameshpr,2026-05-29T12:49:16.990+0530,2026-06-01T12:56:31.820+0530,VendotInvite,,7c453c2c0408d7d24bdddadd127942025f17e443,Connexus-inc/connexus-web-client,2026-06-15T11:34:37+05:30,Ramesh P R,fix: updated the service list api in vendor invite,0.4035,5,0.0,0.0,0.0,0.0,,0.2018,
CX-3434,Services dropdown should display options in alphabetical order.,rameshpr,2026-05-29T12:49:16.990+0530,2026-06-01T12:56:31.820+0530,VendotInvite,,91aa508b13fa4c52e1eaca4aacf41b5c1924c380,Connexus-inc/connexus-web-client,2026-03-11T12:41:20+05:30,rakhesh.j,feat(esign): awarded vendors sort fixes,0.4033,6,0.0,0.0,0.0,0.0,,0.2016,
CX-3434,Services dropdown should display options in alphabetical order.,rameshpr,2026-05-29T12:49:16.990+0530,2026-06-01T12:56:31.820+0530,VendotInvite,,fdb36ed17499a9925a27e87dc011ebf9f31ac8e1,Connexus-inc/connexus-web-api,2026-02-16T20:55:29+05:00,tariq-ts,Delete prisma/migrations/20260205183000_vendor_sort_keys/migration.sql,0.4002,7,0.0,0.0,0.0,0.0,,0.2001,
CX-3434,Services dropdown should display options in alphabetical order.,rameshpr,2026-05-29T12:49:16.990+0530,2026-06-01T12:56:31.820+0530,VendotInvite,,2704955ab5c9d5198e0a97326ffc05147859b118,Connexus-inc/connexus-web-api,2026-06-03T20:24:09+05:30,basimneoito,Merge pull request #2057 from Connexus-inc/ajay/fix/rfp-list-sort,0.3944,8,0.0,0.0,0.0,0.0,,0.1972,
CX-3435,Deactivated Vendors Displayed in Vendor Invite Flow,rameshpr,2026-05-29T14:26:22.483+0530,2026-06-08T13:51:26.579+0530,VendorRegistration,,d9a26ad86ee71b28f2c4a67e9b75e263c8fb6a85,Connexus-inc/connexus-web-client,2026-06-11T15:50:29+05:30,varunw92,Merge pull request #2157 from Connexus-inc/fix/vendor-invite-fixes,0.5664,1,0.0,0.0,0.0,0.0,,0.2832,
CX-3435,Deactivated Vendors Displayed in Vendor Invite Flow,rameshpr,2026-05-29T14:26:22.483+0530,2026-06-08T13:51:26.579+0530,VendorRegistration,,d74c4920d758b3acd78a132bdcc4bf854efac7d9,Connexus-inc/connexus-web-client,2026-06-02T12:38:40+05:30,Ramesh P R,fix: vendor list updated to show active and draft vendors only,0.5047,2,0.0,0.0,0.0,0.0,,0.2523,
CX-3435,Deactivated Vendors Displayed in Vendor Invite Flow,rameshpr,2026-05-29T14:26:22.483+0530,2026-06-08T13:51:26.579+0530,VendorRegistration,,04ca6600606c4a8809fa7b0a65509651f82607ec,Connexus-inc/connexus-web-api,2026-06-24T15:30:53+05:30,basimneoito,Merge pull request #2114 from Connexus-inc/revert-2108-vendor-invite-status-exempt-flow,0.4992,3,0.0,0.0,0.0,0.0,,0.2496,
CX-3435,Deactivated Vendors Displayed in Vendor Invite Flow,rameshpr,2026-05-29T14:26:22.483+0530,2026-06-08T13:51:26.579+0530,VendorRegistration,,88a16ff2b384433abba951b8b3e04545299331eb,Connexus-inc/connexus-web-client,2026-01-27T22:34:47+05:30,varunw92,Merge pull request #1588 from Connexus-inc/vendor-to-profile-vendorview,0.4845,4,0.0,0.0,0.0,0.0,,0.2423,
CX-3435,Deactivated Vendors Displayed in Vendor Invite Flow,rameshpr,2026-05-29T14:26:22.483+0530,2026-06-08T13:51:26.579+0530,VendorRegistration,,d42a7e7eceeb88a1c721ea362e2c6c2161a03701,Connexus-inc/connexus-web-api,2026-06-23T11:18:53+05:30,basimneoito,Merge pull request #2103 from Connexus-inc/vendor-invite-status-exempt-flow,0.4829,5,0.0,0.0,0.0,0.0,,0.2415,
CX-3435,Deactivated Vendors Displayed in Vendor Invite Flow,rameshpr,2026-05-29T14:26:22.483+0530,2026-06-08T13:51:26.579+0530,VendorRegistration,,fe466184b6d9f7d121a352847b08cd4a5e39ddcc,Connexus-inc/connexus-web-api,2026-06-24T10:10:04+05:30,basimneoito,Merge pull request #2108 from Connexus-inc/vendor-invite-status-exempt-flow,0.4817,6,0.0,0.0,0.0,0.0,,0.2408,
CX-3435,Deactivated Vendors Displayed in Vendor Invite Flow,rameshpr,2026-05-29T14:26:22.483+0530,2026-06-08T13:51:26.579+0530,VendorRegistration,,3b2083ce47ca12785eeab3bf7bb59fa3e788f81a,Connexus-inc/connexus-web-api,2026-06-30T17:58:25+05:30,basimneoito,Merge pull request #2113 from Connexus-inc/vendor-invite-status-exempt-flow,0.4816,7,0.0,0.0,0.0,0.0,,0.2408,
CX-3435,Deactivated Vendors Displayed in Vendor Invite Flow,rameshpr,2026-05-29T14:26:22.483+0530,2026-06-08T13:51:26.579+0530,VendorRegistration,,fb24be237344c91df9eb55b7035b0abff29f5a16,Connexus-inc/connexus-web-api,2026-06-09T12:04:47+05:30,AJAY DEV,Merge pull request #2017 from Connexus-inc/vendor-invitation-bugs,0.4669,8,0.0,0.0,0.0,0.0,,0.2334,
CX-3437,States in the States Serviced Column Not Displayed Correctly When Property Level Coverage is Set to “No”,Vysakh R J,2026-05-29T15:02:37.005+0530,2026-06-08T11:57:12.666+0530,VendorRegistration,,b308f4e9dc07a12d69eef8f17e17ce29f6c362e8,Connexus-inc/connexus-web-api,2026-06-30T14:32:14+05:30,Vysakh R J,feat: improved property based query,0.4965,1,0.0,0.0,0.0,0.0,,0.2482,
CX-3437,States in the States Serviced Column Not Displayed Correctly When Property Level Coverage is Set to “No”,Vysakh R J,2026-05-29T15:02:37.005+0530,2026-06-08T11:57:12.666+0530,VendorRegistration,,455b5466c26efa79d191e580f9fac2c9ebf5b7b9,Connexus-inc/connexus-web-client,2026-05-25T17:24:07+05:30,Ramesh P R,fix: removed the coverage states from invite vendor form,0.4945,2,0.0,0.0,0.0,0.0,,0.2473,
CX-3437,States in the States Serviced Column Not Displayed Correctly When Property Level Coverage is Set to “No”,Vysakh R J,2026-05-29T15:02:37.005+0530,2026-06-08T11:57:12.666+0530,VendorRegistration,,b5600fac7aa0d10b94de1ab158158dd78e8ea753,Connexus-inc/connexus-web-api,2026-06-24T15:26:46+05:30,basimneoito,"Revert ""Vendor invite status exempt flow""",0.4788,3,0.0,0.0,0.0,0.0,,0.2394,
CX-3437,States in the States Serviced Column Not Displayed Correctly When Property Level Coverage is Set to “No”,Vysakh R J,2026-05-29T15:02:37.005+0530,2026-06-08T11:57:12.666+0530,VendorRegistration,,e762e29d349f105bb44f5fbe5cb81ac1e50271aa,Connexus-inc/connexus-web-client,2026-06-03T23:47:10+05:30,Ramesh P R,fix: actions menu options refactoring for vendor invite,0.4665,4,0.0,0.0,0.0,0.0,,0.2332,
CX-3437,States in the States Serviced Column Not Displayed Correctly When Property Level Coverage is Set to “No”,Vysakh R J,2026-05-29T15:02:37.005+0530,2026-06-08T11:57:12.666+0530,VendorRegistration,,dfe3f973bf0e218405c304bf6de0212351b92799,Connexus-inc/connexus-web-api,2026-05-27T12:49:29+05:30,Vysakh R J,fix: reported bugs and changes,0.4582,5,0.0,0.0,0.0,0.0,,0.2291,
CX-3437,States in the States Serviced Column Not Displayed Correctly When Property Level Coverage is Set to “No”,Vysakh R J,2026-05-29T15:02:37.005+0530,2026-06-08T11:57:12.666+0530,VendorRegistration,,bd82b678646d72a3e27b6374de11de443544115a,Connexus-inc/connexus-web-api,2026-06-10T14:01:02+05:30,Vysakh R J,docs(cleanup): add design for orphan client-vendor connection cleanup,0.4563,6,0.0,0.0,0.0,0.0,,0.2282,
CX-3437,States in the States Serviced Column Not Displayed Correctly When Property Level Coverage is Set to “No”,Vysakh R J,2026-05-29T15:02:37.005+0530,2026-06-08T11:57:12.666+0530,VendorRegistration,,30faec274b325b2e3f68916251f77d1704190d87,Connexus-inc/connexus-web-client,2026-06-22T13:07:57+05:30,Ramesh P R,fix: updated the vendor-invite-list filters,0.4535,7,0.0,0.0,0.0,0.0,,0.2267,
CX-3437,States in the States Serviced Column Not Displayed Correctly When Property Level Coverage is Set to “No”,Vysakh R J,2026-05-29T15:02:37.005+0530,2026-06-08T11:57:12.666+0530,VendorRegistration,,e1046777b023af49e651cd624f02ec6296fc3cc4,Connexus-inc/connexus-web-api,2026-06-23T17:21:52+05:30,Vysakh R J,fix: added actorUser also,0.4504,8,0.0,0.0,0.0,0.0,,0.2252,
CX-3438,System Allows Selection of Already Invited Vendor from Existing Vendor List,rameshpr,2026-05-29T15:09:40.014+0530,2026-06-12T14:18:59.074+0530,VendorRegistration,,69e6eeb629ca5f8416fb281ee4c6e8e234e1a1c3,Connexus-inc/connexus-web-client,2026-06-10T11:20:56+05:30,Ramesh P R,fix: prevents system from selecting already invited vendors,0.5027,7,0.7,1.0,1.0,0.83,moderate,0.6663,TRUE
CX-3438,System Allows Selection of Already Invited Vendor from Existing Vendor List,rameshpr,2026-05-29T15:09:40.014+0530,2026-06-12T14:18:59.074+0530,VendorRegistration,,d9a26ad86ee71b28f2c4a67e9b75e263c8fb6a85,Connexus-inc/connexus-web-client,2026-06-11T15:50:29+05:30,varunw92,Merge pull request #2157 from Connexus-inc/fix/vendor-invite-fixes,0.6321,1,0.0,0.0,0.0,0.0,,0.3161,
CX-3438,System Allows Selection of Already Invited Vendor from Existing Vendor List,rameshpr,2026-05-29T15:09:40.014+0530,2026-06-12T14:18:59.074+0530,VendorRegistration,,9207e67c8d244e0da4feab6958ce4e758fa28dab,Connexus-inc/connexus-web-api,2026-06-03T12:55:28+05:30,Varun Wilson,feat: add legal name validation to prevent duplicate vendor entries,0.5692,2,0.0,0.0,0.0,0.0,,0.2846,
CX-3438,System Allows Selection of Already Invited Vendor from Existing Vendor List,rameshpr,2026-05-29T15:09:40.014+0530,2026-06-12T14:18:59.074+0530,VendorRegistration,,4f0a8100b043e0f4045105d3e715f9f9fba3488a,Connexus-inc/connexus-web-client,2026-06-15T16:56:10+05:30,Ramesh P R,feat: vendor invite list updations based on CR,0.5373,3,0.0,0.0,0.0,0.0,,0.2687,
CX-3438,System Allows Selection of Already Invited Vendor from Existing Vendor List,rameshpr,2026-05-29T15:09:40.014+0530,2026-06-12T14:18:59.074+0530,VendorRegistration,,fb24be237344c91df9eb55b7035b0abff29f5a16,Connexus-inc/connexus-web-api,2026-06-09T12:04:47+05:30,AJAY DEV,Merge pull request #2017 from Connexus-inc/vendor-invitation-bugs,0.5201,4,0.0,0.0,0.0,0.0,,0.26,
CX-3438,System Allows Selection of Already Invited Vendor from Existing Vendor List,rameshpr,2026-05-29T15:09:40.014+0530,2026-06-12T14:18:59.074+0530,VendorRegistration,,0cb73147ce0258a3839efbe225018eb36daf0343,Connexus-inc/connexus-web-api,2026-05-29T13:37:47+05:30,AJAY DEV,Merge pull request #2022 from Connexus-inc/ajay/fix/vendor-retry-invite-reuse,0.5074,5,0.0,0.0,0.0,0.0,,0.2537,
CX-3438,System Allows Selection of Already Invited Vendor from Existing Vendor List,rameshpr,2026-05-29T15:09:40.014+0530,2026-06-12T14:18:59.074+0530,VendorRegistration,,ddd00d4cca4d7d0d3b8c524f877e2d78e73ef9d6,Connexus-inc/connexus-web-api,2026-05-25T14:28:40+05:30,Vysakh R J,Merge pull request #2005 from Connexus-inc/feat-vendor-invite-registration,0.5071,6,0.0,0.0,0.0,0.0,,0.2536,
CX-3438,System Allows Selection of Already Invited Vendor from Existing Vendor List,rameshpr,2026-05-29T15:09:40.014+0530,2026-06-12T14:18:59.074+0530,VendorRegistration,,ea0822f3cdc6cddf652e978428f79dbe69390542,Connexus-inc/connexus-web-client,2026-05-25T17:14:38+05:30,Ramesh P R,fix: added vendorId to invite vendor,0.4983,8,0.0,0.0,0.0,0.0,,0.2491,
CX-3439,Vendor Status Management and Action Handling,rameshpr,2026-05-29T16:17:12.184+0530,2026-06-08T13:20:09.191+0530,VendotInvite,,e762e29d349f105bb44f5fbe5cb81ac1e50271aa,Connexus-inc/connexus-web-client,2026-06-03T23:47:10+05:30,Ramesh P R,fix: actions menu options refactoring for vendor invite,0.5741,1,0.0,0.0,0.0,0.0,,0.2871,
CX-3439,Vendor Status Management and Action Handling,rameshpr,2026-05-29T16:17:12.184+0530,2026-06-08T13:20:09.191+0530,VendotInvite,,c9ae6282cf8eda6133efe0de47aa1fa0a3c98cbd,Connexus-inc/connexus-web-api,2026-06-10T14:01:03+05:30,Vysakh R J,refactor(scripts): drop contracts and msa sources from client-vendor backfill,0.5197,2,0.0,0.0,0.0,0.0,,0.2598,
CX-3439,Vendor Status Management and Action Handling,rameshpr,2026-05-29T16:17:12.184+0530,2026-06-08T13:20:09.191+0530,VendotInvite,,8ba111e4819e8ba5ec01d24734d112361663ffce,Connexus-inc/connexus-web-api,2026-01-09T11:50:37+05:30,Raoof,refactor: update VENDOR_BID_RECEIVED notification to target all PRIMARY_CONTACT users of the vendor,0.5116,3,0.0,0.0,0.0,0.0,,0.2558,
CX-3439,Vendor Status Management and Action Handling,rameshpr,2026-05-29T16:17:12.184+0530,2026-06-08T13:20:09.191+0530,VendotInvite,,bd82b678646d72a3e27b6374de11de443544115a,Connexus-inc/connexus-web-api,2026-06-10T14:01:02+05:30,Vysakh R J,docs(cleanup): add design for orphan client-vendor connection cleanup,0.5019,4,0.0,0.0,0.0,0.0,,0.2509,
CX-3439,Vendor Status Management and Action Handling,rameshpr,2026-05-29T16:17:12.184+0530,2026-06-08T13:20:09.191+0530,VendotInvite,,3b2083ce47ca12785eeab3bf7bb59fa3e788f81a,Connexus-inc/connexus-web-api,2026-06-30T17:58:25+05:30,basimneoito,Merge pull request #2113 from Connexus-inc/vendor-invite-status-exempt-flow,0.4741,5,0.0,0.0,0.0,0.0,,0.2371,
CX-3439,Vendor Status Management and Action Handling,rameshpr,2026-05-29T16:17:12.184+0530,2026-06-08T13:20:09.191+0530,VendotInvite,,9207e67c8d244e0da4feab6958ce4e758fa28dab,Connexus-inc/connexus-web-api,2026-06-03T12:55:28+05:30,Varun Wilson,feat: add legal name validation to prevent duplicate vendor entries,0.4719,6,0.0,0.0,0.0,0.0,,0.236,
CX-3439,Vendor Status Management and Action Handling,rameshpr,2026-05-29T16:17:12.184+0530,2026-06-08T13:20:09.191+0530,VendotInvite,,d42a7e7eceeb88a1c721ea362e2c6c2161a03701,Connexus-inc/connexus-web-api,2026-06-23T11:18:53+05:30,basimneoito,Merge pull request #2103 from Connexus-inc/vendor-invite-status-exempt-flow,0.4705,7,0.0,0.0,0.0,0.0,,0.2353,
CX-3439,Vendor Status Management and Action Handling,rameshpr,2026-05-29T16:17:12.184+0530,2026-06-08T13:20:09.191+0530,VendotInvite,,4f0a8100b043e0f4045105d3e715f9f9fba3488a,Connexus-inc/connexus-web-client,2026-06-15T16:56:10+05:30,Ramesh P R,feat: vendor invite list updations based on CR,0.4704,8,0.0,0.0,0.0,0.0,,0.2352,
CX-3442,"""Invite to Connexus Verify"" Option Not Available for Non-Admin Client Users",rameshpr,2026-06-01T13:18:44.608+0530,2026-06-08T11:30:17.667+0530,VendorRegistration,,da60fa117896da16a641b5dfe02e8ab606d2ce2c,Connexus-inc/connexus-web-client,2026-05-29T10:01:00+05:30,Ramesh P R,Merge branch 'dev' of https://github.com/Connexus-inc/connexus-web-client into fix/vendor-invite-fixes,0.6273,7,0.7,1.0,0.562,0.742,moderate,0.6846,TRUE
CX-3442,"""Invite to Connexus Verify"" Option Not Available for Non-Admin Client Users",rameshpr,2026-06-01T13:18:44.608+0530,2026-06-08T11:30:17.667+0530,VendorRegistration,,486e4878e4cb29e999b73942c633e27647d12617,Connexus-inc/connexus-web-client,2026-06-12T11:00:07+05:30,Ramesh P R,Merge branch 'dev' of https://github.com/Connexus-inc/connexus-web-client into fix/vendor-invite-fixes,0.6273,8,0.7,1.0,0.562,0.742,moderate,0.6846,TRUE
CX-3442,"""Invite to Connexus Verify"" Option Not Available for Non-Admin Client Users",rameshpr,2026-06-01T13:18:44.608+0530,2026-06-08T11:30:17.667+0530,VendorRegistration,,d9a26ad86ee71b28f2c4a67e9b75e263c8fb6a85,Connexus-inc/connexus-web-client,2026-06-11T15:50:29+05:30,varunw92,Merge pull request #2157 from Connexus-inc/fix/vendor-invite-fixes,0.7165,1,0.0,0.0,0.0,0.0,,0.3583,
CX-3442,"""Invite to Connexus Verify"" Option Not Available for Non-Admin Client Users",rameshpr,2026-06-01T13:18:44.608+0530,2026-06-08T11:30:17.667+0530,VendorRegistration,,ddd00d4cca4d7d0d3b8c524f877e2d78e73ef9d6,Connexus-inc/connexus-web-api,2026-05-25T14:28:40+05:30,Vysakh R J,Merge pull request #2005 from Connexus-inc/feat-vendor-invite-registration,0.7141,2,0.0,0.0,0.0,0.0,,0.357,
CX-3442,"""Invite to Connexus Verify"" Option Not Available for Non-Admin Client Users",rameshpr,2026-06-01T13:18:44.608+0530,2026-06-08T11:30:17.667+0530,VendorRegistration,,a553612c171f3b6c7d212269af4abf352016a104,Connexus-inc/connexus-web-api,2026-06-02T15:13:42+05:30,basimneoito,Merge pull request #2036 from Connexus-inc/fix-vendor-invite-restriction,0.6772,3,0.0,0.0,0.0,0.0,,0.3386,
CX-3442,"""Invite to Connexus Verify"" Option Not Available for Non-Admin Client Users",rameshpr,2026-06-01T13:18:44.608+0530,2026-06-08T11:30:17.667+0530,VendorRegistration,,87002ae9c284f224d07406a18b98d144b8b1dec7,Connexus-inc/connexus-web-api,2026-06-02T18:02:43+05:30,Vysakh R J,Merge pull request #2039 from Connexus-inc/fix-vendor-invite-restriction,0.6497,4,0.0,0.0,0.0,0.0,,0.3249,
CX-3442,"""Invite to Connexus Verify"" Option Not Available for Non-Admin Client Users",rameshpr,2026-06-01T13:18:44.608+0530,2026-06-08T11:30:17.667+0530,VendorRegistration,,fb24be237344c91df9eb55b7035b0abff29f5a16,Connexus-inc/connexus-web-api,2026-06-09T12:04:47+05:30,AJAY DEV,Merge pull request #2017 from Connexus-inc/vendor-invitation-bugs,0.6488,5,0.0,0.0,0.0,0.0,,0.3244,
CX-3442,"""Invite to Connexus Verify"" Option Not Available for Non-Admin Client Users",rameshpr,2026-06-01T13:18:44.608+0530,2026-06-08T11:30:17.667+0530,VendorRegistration,,fed419c0718b2279902142d609f5bc89d3869571,Connexus-inc/connexus-web-api,2026-06-09T12:06:05+05:30,AJAY DEV,Merge pull request #2064 from Connexus-inc/feat/vendor-invite-status-check,0.6276,6,0.0,0.0,0.0,0.0,,0.3138,
CX-3456,Unable to continue from Retry option ,Vysakh R J,2026-06-01T17:20:48.924+0530,2026-06-03T19:54:55.798+0530,VendotInvite,,edd30b04be268faaf6e7dd8aa673f6b4fb64f056,Connexus-inc/connexus-web-client,2026-06-10T12:58:34+05:30,rakhesh.j,feat(venor-compliance): retry form added for tax id failed also,0.4835,1,0.0,0.0,0.0,0.0,,0.2418,
CX-3456,Unable to continue from Retry option ,Vysakh R J,2026-06-01T17:20:48.924+0530,2026-06-03T19:54:55.798+0530,VendotInvite,,0cb73147ce0258a3839efbe225018eb36daf0343,Connexus-inc/connexus-web-api,2026-05-29T13:37:47+05:30,AJAY DEV,Merge pull request #2022 from Connexus-inc/ajay/fix/vendor-retry-invite-reuse,0.467,2,0.0,0.0,0.0,0.0,,0.2335,
CX-3456,Unable to continue from Retry option ,Vysakh R J,2026-06-01T17:20:48.924+0530,2026-06-03T19:54:55.798+0530,VendotInvite,,65971139021890fad7f4161e41903cc56b297f90,Connexus-inc/connexus-web-client,2026-05-26T23:57:26+05:30,rakhesh.j,feat(venor-compliance): vendor compliance verification pages ui - api integration pending,0.4498,3,0.0,0.0,0.0,0.0,,0.2249,
CX-3456,Unable to continue from Retry option ,Vysakh R J,2026-06-01T17:20:48.924+0530,2026-06-03T19:54:55.798+0530,VendotInvite,,3fd22686a5a02751c1f3f10bd06b5a3c4608aa61,Connexus-inc/connexus-web-client,2026-06-09T16:55:32+05:30,rakhesh.j,feat(venor-compliance): retry exceeded info added in failed card,0.4493,4,0.0,0.0,0.0,0.0,,0.2246,
CX-3456,Unable to continue from Retry option ,Vysakh R J,2026-06-01T17:20:48.924+0530,2026-06-03T19:54:55.798+0530,VendotInvite,,cf5ba88c0e522e89e377356b0f6880124c5565ee,Connexus-inc/connexus-web-api,2026-05-29T14:11:05+05:30,ajaydev,fix: other business fail,0.4436,5,0.0,0.0,0.0,0.0,,0.2218,
CX-3456,Unable to continue from Retry option ,Vysakh R J,2026-06-01T17:20:48.924+0530,2026-06-03T19:54:55.798+0530,VendotInvite,,e316c2d44c64e107579d363b94f4c6a3848b7790,Connexus-inc/connexus-web-client,2026-05-28T00:01:45+05:30,rakhesh.j,feat(venor-compliance): vendor verification api integrations added dev test pending,0.4428,6,0.0,0.0,0.0,0.0,,0.2214,
CX-3456,Unable to continue from Retry option ,Vysakh R J,2026-06-01T17:20:48.924+0530,2026-06-03T19:54:55.798+0530,VendotInvite,,4715d43e28793af76f54f646697bd0747e62eafe,Connexus-inc/connexus-web-client,2026-04-23T19:46:45+05:30,Varun Wilson,fix(rfp): block award cancellation after contract initiation and clarify template confirm copy,0.4291,7,0.0,0.0,0.0,0.0,,0.2146,
CX-3456,Unable to continue from Retry option ,Vysakh R J,2026-06-01T17:20:48.924+0530,2026-06-03T19:54:55.798+0530,VendotInvite,,5ca1335b7468e7b499a3e2356052f55c6bc0d569,Connexus-inc/connexus-web-api,2026-06-30T12:38:11+05:30,Vysakh R J,fix: logic issue fixes,0.415,8,0.0,0.0,0.0,0.0,,0.2075,
CX-3459,KYB-Verification Page Ui ,Rakhesh J,2026-06-02T13:15:40.842+0530,2026-06-15T10:42:05.738+0530,,,149fcf57a5a2441dfb7f3ba0322305c14065b3e8,Connexus-inc/connexus-web-api,2026-05-29T15:07:01+05:30,basimneoito,Merge pull request #2025 from Connexus-inc/ajay/fix/kyb-status,0.4215,1,0.0,0.0,0.0,0.0,,0.2108,
CX-3459,KYB-Verification Page Ui ,Rakhesh J,2026-06-02T13:15:40.842+0530,2026-06-15T10:42:05.738+0530,,,2715e47e2423868ed9322979f37c34d11ad7da28,Connexus-inc/connexus-web-client,2026-03-17T17:58:33+05:30,Varun Wilson,fix: signing management - signers sign through mail link,0.364,2,0.0,0.0,0.0,0.0,,0.182,
CX-3459,KYB-Verification Page Ui ,Rakhesh J,2026-06-02T13:15:40.842+0530,2026-06-15T10:42:05.738+0530,,,520ff1f0016940c73dc2cf9053bc59ab80dafab4,Connexus-inc/connexus-web-client,2026-05-14T15:07:55+05:30,Ramesh P R,fix: updates based on review comments,0.359,3,0.0,0.0,0.0,0.0,,0.1795,
CX-3459,KYB-Verification Page Ui ,Rakhesh J,2026-06-02T13:15:40.842+0530,2026-06-15T10:42:05.738+0530,,,a986bb00baed3263282a791f906733678c7982d1,Connexus-inc/connexus-web-client,2026-06-01T11:55:24+05:30,rakhesh.j,feat(venor-compliance): consent form ui changes added,0.3281,4,0.0,0.0,0.0,0.0,,0.1641,
CX-3459,KYB-Verification Page Ui ,Rakhesh J,2026-06-02T13:15:40.842+0530,2026-06-15T10:42:05.738+0530,,,171a4877d8ef4c607d56622ba63c8e39a28afb1c,Connexus-inc/connexus-web-api,2026-05-07T02:12:25+05:30,ajaydev,fix: rfp update new temp 4,0.3166,5,0.0,0.0,0.0,0.0,,0.1583,
CX-3459,KYB-Verification Page Ui ,Rakhesh J,2026-06-02T13:15:40.842+0530,2026-06-15T10:42:05.738+0530,,,32a914ae594055913bedcebcf1b36542eb15b3b8,Connexus-inc/connexus-web-client,2026-06-04T11:44:05+05:30,Ramesh P R,fix: bussinessVerified tooltip style fix and menu action validation update,0.3118,6,0.0,0.0,0.0,0.0,,0.1559,
CX-3459,KYB-Verification Page Ui ,Rakhesh J,2026-06-02T13:15:40.842+0530,2026-06-15T10:42:05.738+0530,,,7b79e5f632855c85026ed50e5072da7513fa11e4,Connexus-inc/connexus-web-api,2026-02-26T11:27:54+05:30,Vysakh RJ,fix: changed template styling for custom-verification0email,0.309,7,0.0,0.0,0.0,0.0,,0.1545,
CX-3459,KYB-Verification Page Ui ,Rakhesh J,2026-06-02T13:15:40.842+0530,2026-06-15T10:42:05.738+0530,,,7528b128b458c34063d25d40372ad4ef199168de,Connexus-inc/connexus-web-client,2026-06-02T13:21:43+05:30,Ramesh P R,fix: merge fix,0.3085,8,0.0,0.0,0.0,0.0,,0.1543,
CX-3460,KYB-Verification page api integartion,Rakhesh J,2026-06-02T13:17:42.126+0530,2026-06-15T10:42:15.465+0530,,,65971139021890fad7f4161e41903cc56b297f90,Connexus-inc/connexus-web-client,2026-05-26T23:57:26+05:30,rakhesh.j,feat(venor-compliance): vendor compliance verification pages ui - api integration pending,0.4306,2,0.85,1.0,0.667,0.823,strong,0.6268,TRUE
CX-3460,KYB-Verification page api integartion,Rakhesh J,2026-06-02T13:17:42.126+0530,2026-06-15T10:42:15.465+0530,,,149fcf57a5a2441dfb7f3ba0322305c14065b3e8,Connexus-inc/connexus-web-api,2026-05-29T15:07:01+05:30,basimneoito,Merge pull request #2025 from Connexus-inc/ajay/fix/kyb-status,0.5002,1,0.0,0.0,0.0,0.0,,0.2501,
CX-3460,KYB-Verification page api integartion,Rakhesh J,2026-06-02T13:17:42.126+0530,2026-06-15T10:42:15.465+0530,,,2715e47e2423868ed9322979f37c34d11ad7da28,Connexus-inc/connexus-web-client,2026-03-17T17:58:33+05:30,Varun Wilson,fix: signing management - signers sign through mail link,0.4037,3,0.0,0.0,0.0,0.0,,0.2019,
CX-3460,KYB-Verification page api integartion,Rakhesh J,2026-06-02T13:17:42.126+0530,2026-06-15T10:42:15.465+0530,,,cf5ba88c0e522e89e377356b0f6880124c5565ee,Connexus-inc/connexus-web-api,2026-05-29T14:11:05+05:30,ajaydev,fix: other business fail,0.4003,4,0.0,0.0,0.0,0.0,,0.2002,
CX-3460,KYB-Verification page api integartion,Rakhesh J,2026-06-02T13:17:42.126+0530,2026-06-15T10:42:15.465+0530,,,4520150f19824fa7c1b14e6a18e03a0524ec8e8a,Connexus-inc/connexus-web-api,2026-05-26T10:27:56+05:30,basimneoito,Merge pull request #2009 from Connexus-inc/ajay/feat/verification,0.3965,5,0.0,0.0,0.0,0.0,,0.1982,
CX-3460,KYB-Verification page api integartion,Rakhesh J,2026-06-02T13:17:42.126+0530,2026-06-15T10:42:15.465+0530,,,10e8eac895d5d8af40b7dbca399378d9ca722119,Connexus-inc/connexus-web-api,2026-06-02T15:56:50+05:30,AJAY DEV,Merge pull request #2037 from Connexus-inc/ajay/feat/verify-status,0.3888,6,0.0,0.0,0.0,0.0,,0.1944,
CX-3460,KYB-Verification page api integartion,Rakhesh J,2026-06-02T13:17:42.126+0530,2026-06-15T10:42:15.465+0530,,,cf85c2e33bcd233b3119fdde809e4a913f354bbb,Connexus-inc/connexus-web-api,2026-05-26T08:49:32+05:30,ajaydev,feat: vendor verify,0.3888,7,0.0,0.0,0.0,0.0,,0.1944,
CX-3460,KYB-Verification page api integartion,Rakhesh J,2026-06-02T13:17:42.126+0530,2026-06-15T10:42:15.465+0530,,,12c57180515ed9f408275c7c05e231ce47fb5c7c,Connexus-inc/connexus-web-client,2026-05-29T16:49:36+05:30,varunw92,Merge pull request #2108 from Connexus-inc/feat/vendor-confirm-page,0.3835,8,0.0,0.0,0.0,0.0,,0.1918,
CX-3462,Vendor Legal Name is not being validated when sending an invitation for a new vendor using an existing Vendor Legal Name,Varun Wilson,2026-06-02T14:54:46.509+0530,2026-06-03T19:35:01.443+0530,VendotInvite,,9207e67c8d244e0da4feab6958ce4e758fa28dab,Connexus-inc/connexus-web-api,2026-06-03T12:55:28+05:30,Varun Wilson,feat: add legal name validation to prevent duplicate vendor entries,0.5995,1,1.0,1.0,0.692,0.888,strong,0.7438,TRUE
CX-3462,Vendor Legal Name is not being validated when sending an invitation for a new vendor using an existing Vendor Legal Name,Varun Wilson,2026-06-02T14:54:46.509+0530,2026-06-03T19:35:01.443+0530,VendotInvite,,ddd00d4cca4d7d0d3b8c524f877e2d78e73ef9d6,Connexus-inc/connexus-web-api,2026-05-25T14:28:40+05:30,Vysakh R J,Merge pull request #2005 from Connexus-inc/feat-vendor-invite-registration,0.5469,2,0.0,0.0,0.0,0.0,,0.2734,
CX-3462,Vendor Legal Name is not being validated when sending an invitation for a new vendor using an existing Vendor Legal Name,Varun Wilson,2026-06-02T14:54:46.509+0530,2026-06-03T19:35:01.443+0530,VendotInvite,,d9a26ad86ee71b28f2c4a67e9b75e263c8fb6a85,Connexus-inc/connexus-web-client,2026-06-11T15:50:29+05:30,varunw92,Merge pull request #2157 from Connexus-inc/fix/vendor-invite-fixes,0.481,3,0.0,0.0,0.0,0.0,,0.2405,
CX-3462,Vendor Legal Name is not being validated when sending an invitation for a new vendor using an existing Vendor Legal Name,Varun Wilson,2026-06-02T14:54:46.509+0530,2026-06-03T19:35:01.443+0530,VendotInvite,,3677acd1bfb76f55bb0e31a7a0481f5864943531,Connexus-inc/connexus-web-api,2026-06-02T15:47:44+05:30,Varun Wilson,feat: add conflict exception for incomplete vendor onboarding in ClientVendorsService,0.4795,4,0.0,0.0,0.0,0.0,,0.2397,
CX-3462,Vendor Legal Name is not being validated when sending an invitation for a new vendor using an existing Vendor Legal Name,Varun Wilson,2026-06-02T14:54:46.509+0530,2026-06-03T19:35:01.443+0530,VendotInvite,,fb24be237344c91df9eb55b7035b0abff29f5a16,Connexus-inc/connexus-web-api,2026-06-09T12:04:47+05:30,AJAY DEV,Merge pull request #2017 from Connexus-inc/vendor-invitation-bugs,0.4775,5,0.0,0.0,0.0,0.0,,0.2387,
CX-3462,Vendor Legal Name is not being validated when sending an invitation for a new vendor using an existing Vendor Legal Name,Varun Wilson,2026-06-02T14:54:46.509+0530,2026-06-03T19:35:01.443+0530,VendotInvite,,735260381e4038431df4bfac44c2d9a9b65171cf,Connexus-inc/connexus-web-api,2026-05-06T16:08:35+05:30,basimneoito,Merge pull request #1946 from Connexus-inc/fix/cx-3285-vendor-onbrd-updates,0.4732,6,0.0,0.0,0.0,0.0,,0.2366,
CX-3462,Vendor Legal Name is not being validated when sending an invitation for a new vendor using an existing Vendor Legal Name,Varun Wilson,2026-06-02T14:54:46.509+0530,2026-06-03T19:35:01.443+0530,VendotInvite,,dd0efdf1813909f3b4e01bc454ea3fe431bc4e8c,Connexus-inc/connexus-web-api,2026-06-20T01:09:02+05:30,Vysakh R J,feat: consent form saving flow vendor compliance,0.466,7,0.0,0.0,0.0,0.0,,0.233,
CX-3462,Vendor Legal Name is not being validated when sending an invitation for a new vendor using an existing Vendor Legal Name,Varun Wilson,2026-06-02T14:54:46.509+0530,2026-06-03T19:35:01.443+0530,VendotInvite,,fb584c608408ab4d9c603a4d270169f3591c433b,Connexus-inc/connexus-web-client,2026-06-01T17:40:25+05:30,varunw92,Merge pull request #2122 from Connexus-inc/fix/vendor-invite-fixes,0.4649,8,0.0,0.0,0.0,0.0,,0.2325,
CX-3463,ThrottlerException Prevents Complete Data Loading in Vendor Invite Flow,Basim E,2026-06-02T15:10:42.387+0530,2026-06-15T10:44:43.477+0530,VendorRegistration,,3c5434a23cf33a8b1907ca09ef1c9bce40093a36,Connexus-inc/connexus-web-client,2026-04-21T17:48:39+05:30,Rakhesh-NeoITO,Merge pull request #2001 from Connexus-inc/fix/property_bulk_fixes,0.4358,1,0.0,0.0,0.0,0.0,,0.2179,
CX-3463,ThrottlerException Prevents Complete Data Loading in Vendor Invite Flow,Basim E,2026-06-02T15:10:42.387+0530,2026-06-15T10:44:43.477+0530,VendorRegistration,,c961152f8e6a18e79db0fabb6a0182561e77ded7,Connexus-inc/connexus-web-client,2026-06-10T14:10:47+05:30,Ramesh P R,fix: handle continue optimisation and updated validation,0.4332,2,0.0,0.0,0.0,0.0,,0.2166,
CX-3463,ThrottlerException Prevents Complete Data Loading in Vendor Invite Flow,Basim E,2026-06-02T15:10:42.387+0530,2026-06-15T10:44:43.477+0530,VendorRegistration,,69e6eeb629ca5f8416fb281ee4c6e8e234e1a1c3,Connexus-inc/connexus-web-client,2026-06-10T11:20:56+05:30,Ramesh P R,fix: prevents system from selecting already invited vendors,0.4252,3,0.0,0.0,0.0,0.0,,0.2126,
CX-3463,ThrottlerException Prevents Complete Data Loading in Vendor Invite Flow,Basim E,2026-06-02T15:10:42.387+0530,2026-06-15T10:44:43.477+0530,VendorRegistration,,3fd22686a5a02751c1f3f10bd06b5a3c4608aa61,Connexus-inc/connexus-web-client,2026-06-09T16:55:32+05:30,rakhesh.j,feat(venor-compliance): retry exceeded info added in failed card,0.4199,4,0.0,0.0,0.0,0.0,,0.2099,
CX-3463,ThrottlerException Prevents Complete Data Loading in Vendor Invite Flow,Basim E,2026-06-02T15:10:42.387+0530,2026-06-15T10:44:43.477+0530,VendorRegistration,,9ba15c0646c66158d7781a1d2762a5f8b3ad895d,Connexus-inc/connexus-web-api,2026-06-18T16:24:19+05:30,Varun Wilson,refactor: implement batch processing for vendor property response updates,0.4171,5,0.0,0.0,0.0,0.0,,0.2085,
CX-3463,ThrottlerException Prevents Complete Data Loading in Vendor Invite Flow,Basim E,2026-06-02T15:10:42.387+0530,2026-06-15T10:44:43.477+0530,VendorRegistration,,69efdde6d3ee9a07438e85236422846cbb077e7f,Connexus-inc/connexus-web-api,2026-05-13T12:50:24+05:30,ajaydev,fix: change message,0.4163,6,0.0,0.0,0.0,0.0,,0.2081,
CX-3463,ThrottlerException Prevents Complete Data Loading in Vendor Invite Flow,Basim E,2026-06-02T15:10:42.387+0530,2026-06-15T10:44:43.477+0530,VendorRegistration,,41c4f01fa64be6aa32423146c173563ad5b625a7,Connexus-inc/connexus-web-api,2026-06-18T17:12:10+05:30,Varun Wilson,fix: batch limit updated,0.4116,7,0.0,0.0,0.0,0.0,,0.2058,
CX-3463,ThrottlerException Prevents Complete Data Loading in Vendor Invite Flow,Basim E,2026-06-02T15:10:42.387+0530,2026-06-15T10:44:43.477+0530,VendorRegistration,,705ab3941f1859efda5806efd26a29cf285e3726,Connexus-inc/connexus-web-client,2026-05-22T17:06:10+05:30,Ramesh P R,feat: status based routing during vendor registration,0.4115,8,0.0,0.0,0.0,0.0,,0.2057,
CX-3466,RFP Notification Emails Failing to Send,Vysakh R J,2026-06-03T17:21:05.937+0530,2026-06-08T11:26:27.101+0530,RFP,,be18f9a291b1ca857cdadd1f188564d327802c72,Connexus-inc/connexus-web-api,2026-02-11T17:45:23+05:30,basimneoito,Merge pull request #1592 from Connexus-inc/CX-2767-trello-invited-vendors-count-mismatch-with-email-audit-rfp,0.569,1,0.0,0.0,0.0,0.0,,0.2845,
CX-3466,RFP Notification Emails Failing to Send,Vysakh R J,2026-06-03T17:21:05.937+0530,2026-06-08T11:26:27.101+0530,RFP,,6f37b9cdae54a7029d4094649fb137652c7182ab,Connexus-inc/connexus-web-client,2026-04-27T16:08:46+05:30,Ramesh P R,fix: removed delivered email status and duplicate header,0.5656,2,0.0,0.0,0.0,0.0,,0.2828,
CX-3466,RFP Notification Emails Failing to Send,Vysakh R J,2026-06-03T17:21:05.937+0530,2026-06-08T11:26:27.101+0530,RFP,,f78ab780f91481234c1ecfd9400d3f52a7649612,Connexus-inc/connexus-web-api,2026-01-13T14:00:29+05:30,basimneoito,Merge pull request #1458 from Connexus-inc/notification,0.5183,3,0.0,0.0,0.0,0.0,,0.2591,
CX-3466,RFP Notification Emails Failing to Send,Vysakh R J,2026-06-03T17:21:05.937+0530,2026-06-08T11:26:27.101+0530,RFP,,0b5db7d433dc1f0cc86ba231953fd3c294de7b63,Connexus-inc/connexus-web-api,2026-01-13T13:52:26+05:30,Raoof,fix: fixed update mails,0.5148,4,0.0,0.0,0.0,0.0,,0.2574,
CX-3466,RFP Notification Emails Failing to Send,Vysakh R J,2026-06-03T17:21:05.937+0530,2026-06-08T11:26:27.101+0530,RFP,,d4cc713b603f10e87cbcd65cb4c13e905c91f2aa,Connexus-inc/connexus-web-client,2026-03-18T19:20:39+05:30,Rakhesh-NeoITO,Merge pull request #1863 from Connexus-inc/fix/audit-trail-download,0.5128,5,0.0,0.0,0.0,0.0,,0.2564,
CX-3466,RFP Notification Emails Failing to Send,Vysakh R J,2026-06-03T17:21:05.937+0530,2026-06-08T11:26:27.101+0530,RFP,,0885a8bc164e77bfa815562035dc9435969841e4,Connexus-inc/connexus-web-api,2026-01-15T00:10:11+05:30,Vysakh R J,feat: added email reminder for unregistered vendors,0.4966,6,0.0,0.0,0.0,0.0,,0.2483,
CX-3466,RFP Notification Emails Failing to Send,Vysakh R J,2026-06-03T17:21:05.937+0530,2026-06-08T11:26:27.101+0530,RFP,,6a76372f312ed1a7576fa5322708ff80895c2f4d,Connexus-inc/connexus-web-api,2026-05-09T00:12:48+05:30,ajaydev,fix: rfp update new temp 14,0.4882,7,0.0,0.0,0.0,0.0,,0.2441,
CX-3466,RFP Notification Emails Failing to Send,Vysakh R J,2026-06-03T17:21:05.937+0530,2026-06-08T11:26:27.101+0530,RFP,,f3f396ab7b6dfe6bad613de6c174f77e77cf247c,Connexus-inc/connexus-web-client,2026-03-17T19:10:39+05:30,varunw92,Merge pull request #1845 from Connexus-inc/fix/award-rfp-bug-fix,0.4874,8,0.0,0.0,0.0,0.0,,0.2437,
CX-3467,Property Search Takes Excessive Time to Return Results for Clients with Large Property Lists,Rakhesh J,2026-06-03T18:29:21.928+0530,2026-06-15T19:11:59.236+0530,VendorRegistration,,a2795a56e72ceccdf00332d7e3b64e3b51dd65e6,Connexus-inc/connexus-web-client,2026-02-03T23:04:38+05:30,Ramesh P R,fix: property list display logic update,0.4752,1,0.0,0.0,0.0,0.0,,0.2376,
CX-3467,Property Search Takes Excessive Time to Return Results for Clients with Large Property Lists,Rakhesh J,2026-06-03T18:29:21.928+0530,2026-06-15T19:11:59.236+0530,VendorRegistration,,ec92b43b90e972c1e042c0d7546476218834765f,Connexus-inc/connexus-web-client,2026-01-19T10:12:26+05:30,Varun Wilson,fix: client id multi search,0.3991,2,0.0,0.0,0.0,0.0,,0.1995,
CX-3467,Property Search Takes Excessive Time to Return Results for Clients with Large Property Lists,Rakhesh J,2026-06-03T18:29:21.928+0530,2026-06-15T19:11:59.236+0530,VendorRegistration,,506a628f252a88d417d3f8523ae4b930ef98e45e,Connexus-inc/connexus-web-api,2026-02-18T16:51:53+05:30,Raoof,perf: optimize compliance notification by passing property name directly to avoid redundant database lookups,0.378,3,0.0,0.0,0.0,0.0,,0.189,
CX-3467,Property Search Takes Excessive Time to Return Results for Clients with Large Property Lists,Rakhesh J,2026-06-03T18:29:21.928+0530,2026-06-15T19:11:59.236+0530,VendorRegistration,,bd82b678646d72a3e27b6374de11de443544115a,Connexus-inc/connexus-web-api,2026-06-10T14:01:02+05:30,Vysakh R J,docs(cleanup): add design for orphan client-vendor connection cleanup,0.3735,4,0.0,0.0,0.0,0.0,,0.1867,
CX-3467,Property Search Takes Excessive Time to Return Results for Clients with Large Property Lists,Rakhesh J,2026-06-03T18:29:21.928+0530,2026-06-15T19:11:59.236+0530,VendorRegistration,,aa4ccf893853917dac96f41064019f3ed0735372,Connexus-inc/connexus-web-api,2026-04-24T16:54:09+05:30,ajaydev,fix: sender,0.367,5,0.0,0.0,0.0,0.0,,0.1835,
CX-3467,Property Search Takes Excessive Time to Return Results for Clients with Large Property Lists,Rakhesh J,2026-06-03T18:29:21.928+0530,2026-06-15T19:11:59.236+0530,VendorRegistration,,077d80376a73d1c9d488573b8f0210f3b6297c0a,Connexus-inc/connexus-web-client,2026-06-23T13:55:57+05:30,Ramesh P R,fix: updated the property type of coverage field,0.3634,6,0.0,0.0,0.0,0.0,,0.1817,
CX-3467,Property Search Takes Excessive Time to Return Results for Clients with Large Property Lists,Rakhesh J,2026-06-03T18:29:21.928+0530,2026-06-15T19:11:59.236+0530,VendorRegistration,,291cb753027b176d71f1a6460886fecd4c6d4012,Connexus-inc/connexus-web-api,2026-02-26T14:06:20+05:30,Varun Wilson,fix: improve search functionality in property insurance service,0.3628,7,0.0,0.0,0.0,0.0,,0.1814,
CX-3467,Property Search Takes Excessive Time to Return Results for Clients with Large Property Lists,Rakhesh J,2026-06-03T18:29:21.928+0530,2026-06-15T19:11:59.236+0530,VendorRegistration,,f267319b081bd347ae68d832fa4f6e7be8915d26,Connexus-inc/connexus-web-client,2026-01-30T10:36:43+05:30,varunw92,Merge pull request #1583 from Connexus-inc/add-propertylegalname-propertylist-clientlist,0.3561,8,0.0,0.0,0.0,0.0,,0.1781,
CX-3468,Verification page is unavailable after resending the invitation and completing the payment process,Rakhesh J,2026-06-03T22:34:20.730+0530,2026-06-08T15:34:10.846+0530,VendotInvite,,5ca1335b7468e7b499a3e2356052f55c6bc0d569,Connexus-inc/connexus-web-api,2026-06-30T12:38:11+05:30,Vysakh R J,fix: logic issue fixes,0.5652,1,0.0,0.0,0.0,0.0,,0.2826,
CX-3468,Verification page is unavailable after resending the invitation and completing the payment process,Rakhesh J,2026-06-03T22:34:20.730+0530,2026-06-08T15:34:10.846+0530,VendotInvite,,83f16e7993ec128d5f611a4f6cf905269290f121,Connexus-inc/connexus-web-api,2026-05-29T13:36:14+05:30,ajaydev,fix: email resend invite page update,0.5634,2,0.0,0.0,0.0,0.0,,0.2817,
CX-3468,Verification page is unavailable after resending the invitation and completing the payment process,Rakhesh J,2026-06-03T22:34:20.730+0530,2026-06-08T15:34:10.846+0530,VendotInvite,,e8f623dfd2e1a0442d0754a6cccb999a8583a39a,Connexus-inc/connexus-web-api,2026-05-25T14:26:50+05:30,Vysakh R J,fix: adding user id back to verify vendor user,0.5595,3,0.0,0.0,0.0,0.0,,0.2797,
CX-3468,Verification page is unavailable after resending the invitation and completing the payment process,Rakhesh J,2026-06-03T22:34:20.730+0530,2026-06-08T15:34:10.846+0530,VendotInvite,,c6e3272b56a0b41dbcc0ab54ec1ce93f17f88c3b,Connexus-inc/connexus-web-api,2026-06-01T14:10:23+05:30,ajaydev,feat: new email for failed and changes,0.5553,4,0.0,0.0,0.0,0.0,,0.2777,
CX-3468,Verification page is unavailable after resending the invitation and completing the payment process,Rakhesh J,2026-06-03T22:34:20.730+0530,2026-06-08T15:34:10.846+0530,VendotInvite,,ddd00d4cca4d7d0d3b8c524f877e2d78e73ef9d6,Connexus-inc/connexus-web-api,2026-05-25T14:28:40+05:30,Vysakh R J,Merge pull request #2005 from Connexus-inc/feat-vendor-invite-registration,0.5533,5,0.0,0.0,0.0,0.0,,0.2767,
CX-3468,Verification page is unavailable after resending the invitation and completing the payment process,Rakhesh J,2026-06-03T22:34:20.730+0530,2026-06-08T15:34:10.846+0530,VendotInvite,,0cb73147ce0258a3839efbe225018eb36daf0343,Connexus-inc/connexus-web-api,2026-05-29T13:37:47+05:30,AJAY DEV,Merge pull request #2022 from Connexus-inc/ajay/fix/vendor-retry-invite-reuse,0.5393,6,0.0,0.0,0.0,0.0,,0.2697,
CX-3468,Verification page is unavailable after resending the invitation and completing the payment process,Rakhesh J,2026-06-03T22:34:20.730+0530,2026-06-08T15:34:10.846+0530,VendotInvite,,073c52f28d9fde5ed75c2cdf8239a75ddc97a42d,Connexus-inc/connexus-web-api,2026-06-24T16:34:46+05:30,Vysakh R J,fix: consent-acceptance-payload-change,0.5303,7,0.0,0.0,0.0,0.0,,0.2651,
CX-3468,Verification page is unavailable after resending the invitation and completing the payment process,Rakhesh J,2026-06-03T22:34:20.730+0530,2026-06-08T15:34:10.846+0530,VendotInvite,,9901215d8d20b24582a930dd13d571ac17e2b9a6,Connexus-inc/connexus-web-api,2026-04-21T13:27:27+05:30,ajaydev,feat: rfp resend and vendor senders,0.5201,8,0.0,0.0,0.0,0.0,,0.2601,
CX-3470,Property insurance client Id addition,Varun Wilson,2026-06-04T12:26:01.315+0530,2026-06-05T10:37:32.544+0530,,,509ab2ffddd89bee63589159f10ca589361e4ec4,Connexus-inc/connexus-web-api,2026-02-23T17:36:41+05:30,Varun Wilson,feat: enhance agency handling in property insurance service,0.6052,1,0.0,0.0,0.0,0.0,,0.3026,
CX-3470,Property insurance client Id addition,Varun Wilson,2026-06-04T12:26:01.315+0530,2026-06-05T10:37:32.544+0530,,,a755c8ef1efd5d17e98814bb8177ebad05a3728a,Connexus-inc/connexus-web-api,2026-03-24T21:54:18+05:30,Varun Wilson,fix: policy insurance flow change planning,0.6017,2,0.0,0.0,0.0,0.0,,0.3008,
CX-3470,Property insurance client Id addition,Varun Wilson,2026-06-04T12:26:01.315+0530,2026-06-05T10:37:32.544+0530,,,382959b646fa4c6b023c8521ba74883193689a15,Connexus-inc/connexus-web-api,2026-02-02T14:02:42+05:30,Varun Wilson,"feat(property-insurance): support re-upload and versioning of existing policies - Pass policyId from create job DTO through background job to Contextual AI - In webhook, reuse policyCode and increment version when policyId is provided - Mark previous policy versions as not current on re-upload",0.586,3,0.0,0.0,0.0,0.0,,0.293,
CX-3470,Property insurance client Id addition,Varun Wilson,2026-06-04T12:26:01.315+0530,2026-06-05T10:37:32.544+0530,,,a31c6261095160fb954af90b94067fb5b6316daf,Connexus-inc/connexus-web-api,2026-06-04T15:38:43+05:30,basimneoito,Merge pull request #2059 from Connexus-inc/fix/client-id-append-ppty-insurance,0.5776,4,0.0,0.0,0.0,0.0,,0.2888,
CX-3470,Property insurance client Id addition,Varun Wilson,2026-06-04T12:26:01.315+0530,2026-06-05T10:37:32.544+0530,,,3e1157470f0b0f2449d12f93b0a7d8a3292f0541,Connexus-inc/connexus-web-api,2026-06-22T16:22:45+05:30,Varun Wilson,feat: implement InsuranceCompany model and integrate with property insurance workflows,0.5303,5,0.0,0.0,0.0,0.0,,0.2651,
CX-3470,Property insurance client Id addition,Varun Wilson,2026-06-04T12:26:01.315+0530,2026-06-05T10:37:32.544+0530,,,1976764cb7bb3978c20b535e4043451d140d988f,Connexus-inc/connexus-web-api,2026-02-24T14:06:20+05:30,Varun Wilson,chore: remove outdated property insurance documentation files,0.5148,6,0.0,0.0,0.0,0.0,,0.2574,
CX-3470,Property insurance client Id addition,Varun Wilson,2026-06-04T12:26:01.315+0530,2026-06-05T10:37:32.544+0530,,,db25cab8b04f87026f182c249fbf6c903c05611c,Connexus-inc/connexus-web-api,2026-02-05T14:25:20+05:30,Varun Wilson,feat(property-insurance): add DEFICENT/EXPIRING status and isClientInsured field,0.5035,7,0.0,0.0,0.0,0.0,,0.2518,
CX-3470,Property insurance client Id addition,Varun Wilson,2026-06-04T12:26:01.315+0530,2026-06-05T10:37:32.544+0530,,,2c34f30793761356c0a95d0553a490fa1e7b7e41,Connexus-inc/connexus-web-api,2026-02-16T15:09:25+05:30,Varun Wilson,"feat(property-insurance): policy coverage enum, ComplianceFile.uploadedAt, and file list filters",0.5024,8,0.0,0.0,0.0,0.0,,0.2512,
CX-3472,vendor confirm and vendor verification pages mobile compatibility ,Rakhesh J,2026-06-08T10:19:57.248+0530,2026-06-15T10:42:27.096+0530,,,63e499f696f73116fc77d78ff0f117a6a26ef295,Connexus-inc/connexus-web-client,2026-05-28T00:03:31+05:30,rakhesh.j,feat(venor-compliance): vendor verification api integrations added dev test pending,0.5578,1,0.0,0.0,0.0,0.0,,0.2789,
CX-3472,vendor confirm and vendor verification pages mobile compatibility ,Rakhesh J,2026-06-08T10:19:57.248+0530,2026-06-15T10:42:27.096+0530,,,12c57180515ed9f408275c7c05e231ce47fb5c7c,Connexus-inc/connexus-web-client,2026-05-29T16:49:36+05:30,varunw92,Merge pull request #2108 from Connexus-inc/feat/vendor-confirm-page,0.5316,2,0.0,0.0,0.0,0.0,,0.2658,
CX-3472,vendor confirm and vendor verification pages mobile compatibility ,Rakhesh J,2026-06-08T10:19:57.248+0530,2026-06-15T10:42:27.096+0530,,,0ae568dbdc7f2b263e7b736f5853393622bfd516,Connexus-inc/connexus-web-client,2026-06-15T14:50:50+05:30,varunw92,Merge pull request #2174 from Connexus-inc/feat/vendor-confirm-page,0.4988,3,0.0,0.0,0.0,0.0,,0.2494,
CX-3472,vendor confirm and vendor verification pages mobile compatibility ,Rakhesh J,2026-06-08T10:19:57.248+0530,2026-06-15T10:42:27.096+0530,,,ccfb291b41f05c50a5d543d7681ae2ef3eb986c8,Connexus-inc/connexus-web-client,2026-05-27T13:23:23+05:30,varunw92,Merge pull request #2098 from Connexus-inc/feat/vendor-confirm-page,0.4887,4,0.0,0.0,0.0,0.0,,0.2444,
CX-3472,vendor confirm and vendor verification pages mobile compatibility ,Rakhesh J,2026-06-08T10:19:57.248+0530,2026-06-15T10:42:27.096+0530,,,0f41e17bbdabd12fa3016c33980702bfc688df56,Connexus-inc/connexus-web-client,2026-05-29T16:43:50+05:30,rakhesh.j,feat(venor-compliance): vendor verification api integrations completed,0.4739,5,0.0,0.0,0.0,0.0,,0.2369,
CX-3472,vendor confirm and vendor verification pages mobile compatibility ,Rakhesh J,2026-06-08T10:19:57.248+0530,2026-06-15T10:42:27.096+0530,,,ed7acff2a718942bf7041dfcca31b48d7dff1dd4,Connexus-inc/connexus-web-client,2026-06-11T21:05:54+05:30,Rakhesh-NeoITO,Merge pull request #2167 from Connexus-inc/feat/vendor-confirm-page,0.4634,6,0.0,0.0,0.0,0.0,,0.2317,
CX-3472,vendor confirm and vendor verification pages mobile compatibility ,Rakhesh J,2026-06-08T10:19:57.248+0530,2026-06-15T10:42:27.096+0530,,,4d8b733d03ab0de3e57f0bd814b14f53db297a50,Connexus-inc/connexus-web-client,2026-05-29T16:30:42+05:30,varunw92,Merge pull request #2107 from Connexus-inc/feat/vendor-confirm-page,0.4559,7,0.0,0.0,0.0,0.0,,0.228,
CX-3472,vendor confirm and vendor verification pages mobile compatibility ,Rakhesh J,2026-06-08T10:19:57.248+0530,2026-06-15T10:42:27.096+0530,,,f4ece56249c60d0ff5c09a50b3feb5c6860fe115,Connexus-inc/connexus-web-client,2026-06-10T13:10:23+05:30,varunw92,Merge pull request #2158 from Connexus-inc/feat/vendor-confirm-page,0.4557,8,0.0,0.0,0.0,0.0,,0.2279,
CX-3474,Phone Extension (EXT) field is missing in the Invite Vendor form,Vysakh R J,2026-06-08T16:24:15.059+0530,2026-06-15T09:25:51.352+0530,VendotInvite,,594947f253d0509b9189d7436800826f737c409b,Connexus-inc/connexus-web-client,2026-06-08T16:33:22+05:30,Ramesh P R,fix: phone number field update in invite vendor form,0.6419,1,0.0,0.0,0.0,0.0,,0.321,
CX-3474,Phone Extension (EXT) field is missing in the Invite Vendor form,Vysakh R J,2026-06-08T16:24:15.059+0530,2026-06-15T09:25:51.352+0530,VendotInvite,,8ab40adf99389a0d5f6778a120f94eb5553ee4d5,Connexus-inc/connexus-web-client,2026-06-08T17:20:46+05:30,varunw92,Merge pull request #2146 from Connexus-inc/fix/vendor-invite-fixes,0.6035,2,0.0,0.0,0.0,0.0,,0.3018,
CX-3474,Phone Extension (EXT) field is missing in the Invite Vendor form,Vysakh R J,2026-06-08T16:24:15.059+0530,2026-06-15T09:25:51.352+0530,VendotInvite,,959a6f32854a828ded41197b640bb3b472c893c7,Connexus-inc/connexus-web-client,2026-06-11T21:03:13+05:30,rakhesh.j,feat(venor-compliance): phone extension error fix,0.5952,3,0.0,0.0,0.0,0.0,,0.2976,
CX-3474,Phone Extension (EXT) field is missing in the Invite Vendor form,Vysakh R J,2026-06-08T16:24:15.059+0530,2026-06-15T09:25:51.352+0530,VendotInvite,,7ef7b9bab490e5c4337d5e9b815791cfe3beb766,Connexus-inc/connexus-web-client,2026-06-01T17:19:54+05:30,Ramesh P R,fix: vendor invite primary contact prefill - made mobile optional,0.5739,4,0.0,0.0,0.0,0.0,,0.287,
CX-3474,Phone Extension (EXT) field is missing in the Invite Vendor form,Vysakh R J,2026-06-08T16:24:15.059+0530,2026-06-15T09:25:51.352+0530,VendotInvite,,659d7181e9b6ca726256a3082b86b5ff212e1cc7,Connexus-inc/connexus-web-client,2026-06-15T14:38:59+05:30,rakhesh.j,fix(venor-compliance): phone extension edit bug fix,0.5652,5,0.0,0.0,0.0,0.0,,0.2826,
CX-3474,Phone Extension (EXT) field is missing in the Invite Vendor form,Vysakh R J,2026-06-08T16:24:15.059+0530,2026-06-15T09:25:51.352+0530,VendotInvite,,fe9176934a35ee2838962fd78ee8b5015e998d3a,Connexus-inc/connexus-web-api,2026-04-29T13:31:27+05:30,ajaydev,fix: add phone extension,0.5488,6,0.0,0.0,0.0,0.0,,0.2744,
CX-3474,Phone Extension (EXT) field is missing in the Invite Vendor form,Vysakh R J,2026-06-08T16:24:15.059+0530,2026-06-15T09:25:51.352+0530,VendotInvite,,01d1dd39cdfbd8926089764ddcee227a01510123,Connexus-inc/connexus-web-api,2026-06-09T00:57:48+05:30,Vysakh R J,docs(client-vendors): add invite-status check design spec and implementation plan,0.5451,7,0.0,0.0,0.0,0.0,,0.2726,
CX-3474,Phone Extension (EXT) field is missing in the Invite Vendor form,Vysakh R J,2026-06-08T16:24:15.059+0530,2026-06-15T09:25:51.352+0530,VendotInvite,,cb1b3e1caf2bd08f18d02f03fbe87adc58fa6228,Connexus-inc/connexus-web-client,2026-06-11T15:41:28+05:30,rakhesh.j,feat(venor-compliance): phone number fix and consent modal changes,0.5167,8,0.0,0.0,0.0,0.0,,0.2583,
CX-3475,"""I Have a Valid Website"" Checkbox Is Not Selected by Default during vendor registration",Rakhesh J,2026-06-08T16:36:54.260+0530,2026-06-09T10:25:59.762+0530,VendorRegistration,,ce401f4213a068b43ffa756ef041aaddab596824,Connexus-inc/connexus-web-client,2026-06-08T16:58:42+05:30,rakhesh.j,feat(venor-compliance): has a website checkbox setted deafult checked,0.5032,1,0.85,1.0,0.462,0.782,strong,0.6426,TRUE
CX-3475,"""I Have a Valid Website"" Checkbox Is Not Selected by Default during vendor registration",Rakhesh J,2026-06-08T16:36:54.260+0530,2026-06-09T10:25:59.762+0530,VendorRegistration,,47b3d1a52b1d4467297427e84a4cd79541ed6445,Connexus-inc/connexus-web-client,2026-05-06T16:17:36+05:30,Ramesh P R,fix: bug fixes,0.5019,2,0.0,0.0,0.0,0.0,,0.2509,
CX-3475,"""I Have a Valid Website"" Checkbox Is Not Selected by Default during vendor registration",Rakhesh J,2026-06-08T16:36:54.260+0530,2026-06-09T10:25:59.762+0530,VendorRegistration,,0977970c572deddd8086b0edc801320742793649,Connexus-inc/connexus-web-client,2026-01-22T19:14:16+05:00,Tariq Shah,fix(cx2599): made address and phone mandartory on forms,0.3943,3,0.0,0.0,0.0,0.0,,0.1971,
CX-3475,"""I Have a Valid Website"" Checkbox Is Not Selected by Default during vendor registration",Rakhesh J,2026-06-08T16:36:54.260+0530,2026-06-09T10:25:59.762+0530,VendorRegistration,,7b119f22f092308b40718853ddf6139d94e3290d,Connexus-inc/connexus-web-client,2026-06-11T15:43:06+05:30,Ramesh P R,fix: page header validation updated,0.3861,4,0.0,0.0,0.0,0.0,,0.193,
CX-3475,"""I Have a Valid Website"" Checkbox Is Not Selected by Default during vendor registration",Rakhesh J,2026-06-08T16:36:54.260+0530,2026-06-09T10:25:59.762+0530,VendorRegistration,,a986bb00baed3263282a791f906733678c7982d1,Connexus-inc/connexus-web-client,2026-06-01T11:55:24+05:30,rakhesh.j,feat(venor-compliance): consent form ui changes added,0.3645,5,0.0,0.0,0.0,0.0,,0.1822,
CX-3475,"""I Have a Valid Website"" Checkbox Is Not Selected by Default during vendor registration",Rakhesh J,2026-06-08T16:36:54.260+0530,2026-06-09T10:25:59.762+0530,VendorRegistration,,a527bb94c2b5bd690690e3cbe66bb7af19031c9d,Connexus-inc/connexus-web-client,2026-06-01T16:23:25+05:30,Ramesh P R,fix: bug fixes for vendor invite form fields,0.3551,6,0.0,0.0,0.0,0.0,,0.1776,
CX-3475,"""I Have a Valid Website"" Checkbox Is Not Selected by Default during vendor registration",Rakhesh J,2026-06-08T16:36:54.260+0530,2026-06-09T10:25:59.762+0530,VendorRegistration,,63e499f696f73116fc77d78ff0f117a6a26ef295,Connexus-inc/connexus-web-client,2026-05-28T00:03:31+05:30,rakhesh.j,feat(venor-compliance): vendor verification api integrations added dev test pending,0.3444,7,0.0,0.0,0.0,0.0,,0.1722,
CX-3475,"""I Have a Valid Website"" Checkbox Is Not Selected by Default during vendor registration",Rakhesh J,2026-06-08T16:36:54.260+0530,2026-06-09T10:25:59.762+0530,VendorRegistration,,df4bcf466eb00c43d552c681dc96e8ee838e2919,Connexus-inc/connexus-web-client,2026-05-06T16:05:18+05:30,Ramesh P R,fix: bug fixes,0.3419,8,0.0,0.0,0.0,0.0,,0.1709,
CX-3476,Retry Screen Allows Editing of primary contact details,Rakhesh J,2026-06-08T17:33:08.853+0530,2026-06-10T14:37:05.790+0530,VendorRegistration,,98cba23d1bd87a4c2102b23d561a046e407d8f8a,Connexus-inc/connexus-web-client,2026-06-09T10:41:29+05:30,rakhesh.j,feat(venor-compliance): primary contact disabled on retry form,0.4366,3,0.85,1.0,0.818,0.854,strong,0.6453,TRUE
CX-3476,Retry Screen Allows Editing of primary contact details,Rakhesh J,2026-06-08T17:33:08.853+0530,2026-06-10T14:37:05.790+0530,VendorRegistration,,edd30b04be268faaf6e7dd8aa673f6b4fb64f056,Connexus-inc/connexus-web-client,2026-06-10T12:58:34+05:30,rakhesh.j,feat(venor-compliance): retry form added for tax id failed also,0.5351,1,0.85,1.0,0.25,0.74,moderate,0.6376,TRUE
CX-3476,Retry Screen Allows Editing of primary contact details,Rakhesh J,2026-06-08T17:33:08.853+0530,2026-06-10T14:37:05.790+0530,VendorRegistration,,cf5ba88c0e522e89e377356b0f6880124c5565ee,Connexus-inc/connexus-web-api,2026-05-29T14:11:05+05:30,ajaydev,fix: other business fail,0.4672,2,0.0,0.0,0.0,0.0,,0.2336,
CX-3476,Retry Screen Allows Editing of primary contact details,Rakhesh J,2026-06-08T17:33:08.853+0530,2026-06-10T14:37:05.790+0530,VendorRegistration,,f8f4c90c3ef0813aefad63c914d93ffb2cca8375,Connexus-inc/connexus-web-api,2026-06-23T11:14:29+05:30,Vysakh R J,fix: migration drift resolving,0.4286,4,0.0,0.0,0.0,0.0,,0.2143,
CX-3476,Retry Screen Allows Editing of primary contact details,Rakhesh J,2026-06-08T17:33:08.853+0530,2026-06-10T14:37:05.790+0530,VendorRegistration,,9b7ea263ecfa58ebd8a4dd0dc53f24147d2e7e04,Connexus-inc/connexus-web-client,2026-03-17T10:16:37+05:30,Varun Wilson,fix: signing initial setup,0.4273,5,0.0,0.0,0.0,0.0,,0.2137,
CX-3476,Retry Screen Allows Editing of primary contact details,Rakhesh J,2026-06-08T17:33:08.853+0530,2026-06-10T14:37:05.790+0530,VendorRegistration,,ee14b2a8ecd794e61fa93193387ee63093eae84d,Connexus-inc/connexus-web-api,2026-03-17T17:21:58+05:30,Raoof,feat(migration): add void fields to SignedRecord and update AuditEventType enum,0.4237,6,0.0,0.0,0.0,0.0,,0.2118,
CX-3476,Retry Screen Allows Editing of primary contact details,Rakhesh J,2026-06-08T17:33:08.853+0530,2026-06-10T14:37:05.790+0530,VendorRegistration,,a88a5129d60ce9c4476d142341826acb478a1db7,Connexus-inc/connexus-web-api,2026-03-12T16:56:34+05:30,Raoof,feat(migration): add consent and disclosure text columns to ElectronicConsent and SignedRecord tables,0.4209,7,0.0,0.0,0.0,0.0,,0.2105,
CX-3476,Retry Screen Allows Editing of primary contact details,Rakhesh J,2026-06-08T17:33:08.853+0530,2026-06-10T14:37:05.790+0530,VendorRegistration,,40b25de1aa4cfc50759c04995a0884de3171a8e3,Connexus-inc/connexus-web-client,2026-03-11T14:21:39+05:30,Varun Wilson,fix: remirror editor update with field detection,0.4002,8,0.0,0.0,0.0,0.0,,0.2001,
CX-3477,System Allows More Than Three Verification Retry Attempts for Other Company Vendors,ajay.dev,2026-06-08T17:39:39.465+0530,2026-06-09T12:47:28.288+0530,VendorRegistration,,cf5ba88c0e522e89e377356b0f6880124c5565ee,Connexus-inc/connexus-web-api,2026-05-29T14:11:05+05:30,ajaydev,fix: other business fail,0.5696,1,0.7,1.0,0.3,0.69,soft,0.6298,TRUE
CX-3477,System Allows More Than Three Verification Retry Attempts for Other Company Vendors,ajay.dev,2026-06-08T17:39:39.465+0530,2026-06-09T12:47:28.288+0530,VendorRegistration,,edd30b04be268faaf6e7dd8aa673f6b4fb64f056,Connexus-inc/connexus-web-client,2026-06-10T12:58:34+05:30,rakhesh.j,feat(venor-compliance): retry form added for tax id failed also,0.5393,2,0.0,0.0,0.0,0.0,,0.2696,
CX-3477,System Allows More Than Three Verification Retry Attempts for Other Company Vendors,ajay.dev,2026-06-08T17:39:39.465+0530,2026-06-09T12:47:28.288+0530,VendorRegistration,,e316c2d44c64e107579d363b94f4c6a3848b7790,Connexus-inc/connexus-web-client,2026-05-28T00:01:45+05:30,rakhesh.j,feat(venor-compliance): vendor verification api integrations added dev test pending,0.5086,3,0.0,0.0,0.0,0.0,,0.2543,
CX-3477,System Allows More Than Three Verification Retry Attempts for Other Company Vendors,ajay.dev,2026-06-08T17:39:39.465+0530,2026-06-09T12:47:28.288+0530,VendorRegistration,,83526e9a86abbf9fc56d858f88ce6364bf22f4c3,Connexus-inc/connexus-web-api,2026-06-03T12:17:14+05:30,Varun Wilson,refactor: remove business verification override functionality and add new endpoint for updating business verification status,0.4847,4,0.0,0.0,0.0,0.0,,0.2424,
CX-3477,System Allows More Than Three Verification Retry Attempts for Other Company Vendors,ajay.dev,2026-06-08T17:39:39.465+0530,2026-06-09T12:47:28.288+0530,VendorRegistration,,65971139021890fad7f4161e41903cc56b297f90,Connexus-inc/connexus-web-client,2026-05-26T23:57:26+05:30,rakhesh.j,feat(venor-compliance): vendor compliance verification pages ui - api integration pending,0.4701,5,0.0,0.0,0.0,0.0,,0.235,
CX-3477,System Allows More Than Three Verification Retry Attempts for Other Company Vendors,ajay.dev,2026-06-08T17:39:39.465+0530,2026-06-09T12:47:28.288+0530,VendorRegistration,,c23eb123a5db10b6be41298cda9d80f1fdc4d286,Connexus-inc/connexus-web-api,2026-05-27T10:56:23+05:30,ajaydev,fix: signzy error,0.4568,6,0.0,0.0,0.0,0.0,,0.2284,
CX-3477,System Allows More Than Three Verification Retry Attempts for Other Company Vendors,ajay.dev,2026-06-08T17:39:39.465+0530,2026-06-09T12:47:28.288+0530,VendorRegistration,,71f055765bfa7369feb0c0bc72ee79af4478942c,Connexus-inc/connexus-web-api,2026-06-03T17:18:39+05:30,Varun Wilson,feat: implement business verification override for Connexus admins,0.4529,7,0.0,0.0,0.0,0.0,,0.2265,
CX-3477,System Allows More Than Three Verification Retry Attempts for Other Company Vendors,ajay.dev,2026-06-08T17:39:39.465+0530,2026-06-09T12:47:28.288+0530,VendorRegistration,,d0e7f11021e3bc299d23c81a39efbe523cd6d441,Connexus-inc/connexus-web-client,2026-06-09T18:17:14+05:30,rakhesh.j,feat(venor-compliance): retry exceeded info added in failed card,0.4499,8,0.0,0.0,0.0,0.0,,0.2249,
CX-3478,Vendor Contact Becomes Active Without Authorization After Vendor Detail Confirmation via Invitation,Vysakh R J,2026-06-09T11:14:05.278+0530,2026-06-15T09:24:30.487+0530,VendotInvite,,ddd00d4cca4d7d0d3b8c524f877e2d78e73ef9d6,Connexus-inc/connexus-web-api,2026-05-25T14:28:40+05:30,Vysakh R J,Merge pull request #2005 from Connexus-inc/feat-vendor-invite-registration,0.6046,1,0.0,0.0,0.0,0.0,,0.3023,
CX-3478,Vendor Contact Becomes Active Without Authorization After Vendor Detail Confirmation via Invitation,Vysakh R J,2026-06-09T11:14:05.278+0530,2026-06-15T09:24:30.487+0530,VendotInvite,,fb24be237344c91df9eb55b7035b0abff29f5a16,Connexus-inc/connexus-web-api,2026-06-09T12:04:47+05:30,AJAY DEV,Merge pull request #2017 from Connexus-inc/vendor-invitation-bugs,0.5666,2,0.0,0.0,0.0,0.0,,0.2833,
CX-3478,Vendor Contact Becomes Active Without Authorization After Vendor Detail Confirmation via Invitation,Vysakh R J,2026-06-09T11:14:05.278+0530,2026-06-15T09:24:30.487+0530,VendotInvite,,fed419c0718b2279902142d609f5bc89d3869571,Connexus-inc/connexus-web-api,2026-06-09T12:06:05+05:30,AJAY DEV,Merge pull request #2064 from Connexus-inc/feat/vendor-invite-status-check,0.5637,3,0.0,0.0,0.0,0.0,,0.2819,
CX-3478,Vendor Contact Becomes Active Without Authorization After Vendor Detail Confirmation via Invitation,Vysakh R J,2026-06-09T11:14:05.278+0530,2026-06-15T09:24:30.487+0530,VendotInvite,,d9a26ad86ee71b28f2c4a67e9b75e263c8fb6a85,Connexus-inc/connexus-web-client,2026-06-11T15:50:29+05:30,varunw92,Merge pull request #2157 from Connexus-inc/fix/vendor-invite-fixes,0.5595,4,0.0,0.0,0.0,0.0,,0.2798,
CX-3478,Vendor Contact Becomes Active Without Authorization After Vendor Detail Confirmation via Invitation,Vysakh R J,2026-06-09T11:14:05.278+0530,2026-06-15T09:24:30.487+0530,VendotInvite,,d0ff603112d98521900981e1afe6bf4b911fe256,Connexus-inc/connexus-web-client,2026-06-19T14:28:32+05:30,varunw92,Merge pull request #2180 from Connexus-inc/fix/update-business-verified,0.554,5,0.0,0.0,0.0,0.0,,0.277,
CX-3478,Vendor Contact Becomes Active Without Authorization After Vendor Detail Confirmation via Invitation,Vysakh R J,2026-06-09T11:14:05.278+0530,2026-06-15T09:24:30.487+0530,VendotInvite,,fb584c608408ab4d9c603a4d270169f3591c433b,Connexus-inc/connexus-web-client,2026-06-01T17:40:25+05:30,varunw92,Merge pull request #2122 from Connexus-inc/fix/vendor-invite-fixes,0.5485,6,0.0,0.0,0.0,0.0,,0.2743,
CX-3478,Vendor Contact Becomes Active Without Authorization After Vendor Detail Confirmation via Invitation,Vysakh R J,2026-06-09T11:14:05.278+0530,2026-06-15T09:24:30.487+0530,VendotInvite,,88a16ff2b384433abba951b8b3e04545299331eb,Connexus-inc/connexus-web-client,2026-01-27T22:34:47+05:30,varunw92,Merge pull request #1588 from Connexus-inc/vendor-to-profile-vendorview,0.5429,7,0.0,0.0,0.0,0.0,,0.2714,
CX-3478,Vendor Contact Becomes Active Without Authorization After Vendor Detail Confirmation via Invitation,Vysakh R J,2026-06-09T11:14:05.278+0530,2026-06-15T09:24:30.487+0530,VendotInvite,,bbed64fd797b1db5dbfc2ef58d665bfda1f6b118,Connexus-inc/connexus-web-client,2026-06-02T09:27:40+05:30,varunw92,Merge pull request #2124 from Connexus-inc/fix/vendor-invite-prefill,0.5386,8,0.0,0.0,0.0,0.0,,0.2693,
CX-3479,Display Exhausted Retry Attempts Message After Maximum Verification Retries Are Reached,Rakhesh J,2026-06-09T12:35:36.287+0530,2026-06-15T18:47:11.771+0530,VendorRegistration,,65971139021890fad7f4161e41903cc56b297f90,Connexus-inc/connexus-web-client,2026-05-26T23:57:26+05:30,rakhesh.j,feat(venor-compliance): vendor compliance verification pages ui - api integration pending,0.5411,1,0.85,1.0,0.214,0.733,moderate,0.6371,TRUE
CX-3479,Display Exhausted Retry Attempts Message After Maximum Verification Retries Are Reached,Rakhesh J,2026-06-09T12:35:36.287+0530,2026-06-15T18:47:11.771+0530,VendorRegistration,,edd30b04be268faaf6e7dd8aa673f6b4fb64f056,Connexus-inc/connexus-web-client,2026-06-10T12:58:34+05:30,rakhesh.j,feat(venor-compliance): retry form added for tax id failed also,0.5055,4,0.85,1.0,0.231,0.736,moderate,0.6207,TRUE
CX-3479,Display Exhausted Retry Attempts Message After Maximum Verification Retries Are Reached,Rakhesh J,2026-06-09T12:35:36.287+0530,2026-06-15T18:47:11.771+0530,VendorRegistration,,d0e7f11021e3bc299d23c81a39efbe523cd6d441,Connexus-inc/connexus-web-client,2026-06-09T18:17:14+05:30,rakhesh.j,feat(venor-compliance): retry exceeded info added in failed card,0.5201,2,0.0,0.0,0.0,0.0,,0.2601,
CX-3479,Display Exhausted Retry Attempts Message After Maximum Verification Retries Are Reached,Rakhesh J,2026-06-09T12:35:36.287+0530,2026-06-15T18:47:11.771+0530,VendorRegistration,,cf5ba88c0e522e89e377356b0f6880124c5565ee,Connexus-inc/connexus-web-api,2026-05-29T14:11:05+05:30,ajaydev,fix: other business fail,0.5186,3,0.0,0.0,0.0,0.0,,0.2593,
CX-3479,Display Exhausted Retry Attempts Message After Maximum Verification Retries Are Reached,Rakhesh J,2026-06-09T12:35:36.287+0530,2026-06-15T18:47:11.771+0530,VendorRegistration,,e316c2d44c64e107579d363b94f4c6a3848b7790,Connexus-inc/connexus-web-client,2026-05-28T00:01:45+05:30,rakhesh.j,feat(venor-compliance): vendor verification api integrations added dev test pending,0.5028,5,0.0,0.0,0.0,0.0,,0.2514,
CX-3479,Display Exhausted Retry Attempts Message After Maximum Verification Retries Are Reached,Rakhesh J,2026-06-09T12:35:36.287+0530,2026-06-15T18:47:11.771+0530,VendorRegistration,,3fd22686a5a02751c1f3f10bd06b5a3c4608aa61,Connexus-inc/connexus-web-client,2026-06-09T16:55:32+05:30,rakhesh.j,feat(venor-compliance): retry exceeded info added in failed card,0.4698,6,0.0,0.0,0.0,0.0,,0.2349,
CX-3479,Display Exhausted Retry Attempts Message After Maximum Verification Retries Are Reached,Rakhesh J,2026-06-09T12:35:36.287+0530,2026-06-15T18:47:11.771+0530,VendorRegistration,,af9f30610a8043c714e3e7d8db3ea9da95aa563c,Connexus-inc/connexus-web-client,2026-05-11T12:50:38+05:30,varunw92,Merge pull request #2063 from Connexus-inc/fix/cx-3299-website-regix,0.4651,7,0.0,0.0,0.0,0.0,,0.2325,
CX-3479,Display Exhausted Retry Attempts Message After Maximum Verification Retries Are Reached,Rakhesh J,2026-06-09T12:35:36.287+0530,2026-06-15T18:47:11.771+0530,VendorRegistration,,0cb73147ce0258a3839efbe225018eb36daf0343,Connexus-inc/connexus-web-api,2026-05-29T13:37:47+05:30,AJAY DEV,Merge pull request #2022 from Connexus-inc/ajay/fix/vendor-retry-invite-reuse,0.46,8,0.0,0.0,0.0,0.0,,0.23,
CX-3480,or Restrict Access to VendRegistration Form After Verification Retry Attempts Are Exhausted,Rakhesh J,2026-06-09T13:35:41.101+0530,2026-06-15T18:52:43.709+0530,VendorRegistration,,edd30b04be268faaf6e7dd8aa673f6b4fb64f056,Connexus-inc/connexus-web-client,2026-06-10T12:58:34+05:30,rakhesh.j,feat(venor-compliance): retry form added for tax id failed also,0.5328,2,0.85,1.0,0.5,0.79,strong,0.6614,TRUE
CX-3480,or Restrict Access to VendRegistration Form After Verification Retry Attempts Are Exhausted,Rakhesh J,2026-06-09T13:35:41.101+0530,2026-06-15T18:52:43.709+0530,VendorRegistration,,65971139021890fad7f4161e41903cc56b297f90,Connexus-inc/connexus-web-client,2026-05-26T23:57:26+05:30,rakhesh.j,feat(venor-compliance): vendor compliance verification pages ui - api integration pending,0.5156,3,0.85,1.0,0.214,0.733,moderate,0.6243,TRUE
CX-3480,or Restrict Access to VendRegistration Form After Verification Retry Attempts Are Exhausted,Rakhesh J,2026-06-09T13:35:41.101+0530,2026-06-15T18:52:43.709+0530,VendorRegistration,,0cb73147ce0258a3839efbe225018eb36daf0343,Connexus-inc/connexus-web-api,2026-05-29T13:37:47+05:30,AJAY DEV,Merge pull request #2022 from Connexus-inc/ajay/fix/vendor-retry-invite-reuse,0.5656,1,0.0,0.0,0.0,0.0,,0.2828,
CX-3480,or Restrict Access to VendRegistration Form After Verification Retry Attempts Are Exhausted,Rakhesh J,2026-06-09T13:35:41.101+0530,2026-06-15T18:52:43.709+0530,VendorRegistration,,e316c2d44c64e107579d363b94f4c6a3848b7790,Connexus-inc/connexus-web-client,2026-05-28T00:01:45+05:30,rakhesh.j,feat(venor-compliance): vendor verification api integrations added dev test pending,0.5117,4,0.0,0.0,0.0,0.0,,0.2558,
CX-3480,or Restrict Access to VendRegistration Form After Verification Retry Attempts Are Exhausted,Rakhesh J,2026-06-09T13:35:41.101+0530,2026-06-15T18:52:43.709+0530,VendorRegistration,,705ab3941f1859efda5806efd26a29cf285e3726,Connexus-inc/connexus-web-client,2026-05-22T17:06:10+05:30,Ramesh P R,feat: status based routing during vendor registration,0.5102,5,0.0,0.0,0.0,0.0,,0.2551,
CX-3480,or Restrict Access to VendRegistration Form After Verification Retry Attempts Are Exhausted,Rakhesh J,2026-06-09T13:35:41.101+0530,2026-06-15T18:52:43.709+0530,VendorRegistration,,d0e7f11021e3bc299d23c81a39efbe523cd6d441,Connexus-inc/connexus-web-client,2026-06-09T18:17:14+05:30,rakhesh.j,feat(venor-compliance): retry exceeded info added in failed card,0.4889,6,0.0,0.0,0.0,0.0,,0.2444,
CX-3480,or Restrict Access to VendRegistration Form After Verification Retry Attempts Are Exhausted,Rakhesh J,2026-06-09T13:35:41.101+0530,2026-06-15T18:52:43.709+0530,VendorRegistration,,8ba111e4819e8ba5ec01d24734d112361663ffce,Connexus-inc/connexus-web-api,2026-01-09T11:50:37+05:30,Raoof,refactor: update VENDOR_BID_RECEIVED notification to target all PRIMARY_CONTACT users of the vendor,0.4886,7,0.0,0.0,0.0,0.0,,0.2443,
CX-3480,or Restrict Access to VendRegistration Form After Verification Retry Attempts Are Exhausted,Rakhesh J,2026-06-09T13:35:41.101+0530,2026-06-15T18:52:43.709+0530,VendorRegistration,,ddd00d4cca4d7d0d3b8c524f877e2d78e73ef9d6,Connexus-inc/connexus-web-api,2026-05-25T14:28:40+05:30,Vysakh R J,Merge pull request #2005 from Connexus-inc/feat-vendor-invite-registration,0.4819,8,0.0,0.0,0.0,0.0,,0.241,
CX-3482,Update Menu Label from 'Client Vendors' to 'Update Client Vendors',rameshpr,2026-06-09T14:13:05.700+0530,2026-06-10T13:17:57.939+0530,VendorInlineEdit,,035d0108ceecc172a2de73827fd609dfccee5917,Connexus-inc/connexus-web-client,2026-06-09T14:27:02+05:30,Ramesh P R,fix: label change,0.6865,1,0.7,1.0,0.75,0.78,moderate,0.7333,TRUE
CX-3482,Update Menu Label from 'Client Vendors' to 'Update Client Vendors',rameshpr,2026-06-09T14:13:05.700+0530,2026-06-10T13:17:57.939+0530,VendorInlineEdit,,585198290aacc084242c7000946438427727a000,Connexus-inc/connexus-web-client,2026-05-20T11:09:53+05:30,Ramesh P R,fix: updates based on pr comments,0.5882,2,0.0,0.0,0.0,0.0,,0.2941,
CX-3482,Update Menu Label from 'Client Vendors' to 'Update Client Vendors',rameshpr,2026-06-09T14:13:05.700+0530,2026-06-10T13:17:57.939+0530,VendorInlineEdit,,b27a984a6d2f5e251abf317adfa7a758262d6d06,Connexus-inc/connexus-web-client,2026-06-15T14:30:01+05:30,Varun Wilson,fix: route updates,0.5088,3,0.0,0.0,0.0,0.0,,0.2544,
CX-3482,Update Menu Label from 'Client Vendors' to 'Update Client Vendors',rameshpr,2026-06-09T14:13:05.700+0530,2026-06-10T13:17:57.939+0530,VendorInlineEdit,,c9ae6282cf8eda6133efe0de47aa1fa0a3c98cbd,Connexus-inc/connexus-web-api,2026-06-10T14:01:03+05:30,Vysakh R J,refactor(scripts): drop contracts and msa sources from client-vendor backfill,0.5016,4,0.0,0.0,0.0,0.0,,0.2508,
CX-3482,Update Menu Label from 'Client Vendors' to 'Update Client Vendors',rameshpr,2026-06-09T14:13:05.700+0530,2026-06-10T13:17:57.939+0530,VendorInlineEdit,,d01b7bcd1d8d389d7dc6ed546f700061e6f01e0c,Connexus-inc/connexus-web-client,2026-06-02T12:21:13+05:30,varunw92,Merge pull request #2128 from Connexus-inc/feat/client-vendor-admin-edit,0.4734,5,0.0,0.0,0.0,0.0,,0.2367,
CX-3482,Update Menu Label from 'Client Vendors' to 'Update Client Vendors',rameshpr,2026-06-09T14:13:05.700+0530,2026-06-10T13:17:57.939+0530,VendorInlineEdit,,bd82b678646d72a3e27b6374de11de443544115a,Connexus-inc/connexus-web-api,2026-06-10T14:01:02+05:30,Vysakh R J,docs(cleanup): add design for orphan client-vendor connection cleanup,0.4644,6,0.0,0.0,0.0,0.0,,0.2322,
CX-3482,Update Menu Label from 'Client Vendors' to 'Update Client Vendors',rameshpr,2026-06-09T14:13:05.700+0530,2026-06-10T13:17:57.939+0530,VendorInlineEdit,,c3dac67ebcdc7739f594411bbc020d2ff0b8fff2,Connexus-inc/connexus-web-client,2026-06-04T11:57:37+05:30,varunw92,Merge pull request #2140 from Connexus-inc/fix/vendor-invite-fixes,0.4587,7,0.0,0.0,0.0,0.0,,0.2293,
CX-3482,Update Menu Label from 'Client Vendors' to 'Update Client Vendors',rameshpr,2026-06-09T14:13:05.700+0530,2026-06-10T13:17:57.939+0530,VendorInlineEdit,,3677acd1bfb76f55bb0e31a7a0481f5864943531,Connexus-inc/connexus-web-api,2026-06-02T15:47:44+05:30,Varun Wilson,feat: add conflict exception for incomplete vendor onboarding in ClientVendorsService,0.4584,8,0.0,0.0,0.0,0.0,,0.2292,
CX-3483,User gets stuck on Payment step after network error and cannot proceed with Business Verification,Varun Wilson,2026-06-09T14:16:29.661+0530,2026-06-10T14:33:19.054+0530,VendorRegistration,,f1b4378273710c2c3d43a30b786d058188b9ea9f,Connexus-inc/connexus-web-api,2026-05-26T19:25:34+05:30,Varun Wilson,refactor: update Stripe checkout session handling and environment configuration,0.5111,1,0.0,0.0,0.0,0.0,,0.2555,
CX-3483,User gets stuck on Payment step after network error and cannot proceed with Business Verification,Varun Wilson,2026-06-09T14:16:29.661+0530,2026-06-10T14:33:19.054+0530,VendorRegistration,,5ca1335b7468e7b499a3e2356052f55c6bc0d569,Connexus-inc/connexus-web-api,2026-06-30T12:38:11+05:30,Vysakh R J,fix: logic issue fixes,0.5093,2,0.0,0.0,0.0,0.0,,0.2547,
CX-3483,User gets stuck on Payment step after network error and cannot proceed with Business Verification,Varun Wilson,2026-06-09T14:16:29.661+0530,2026-06-10T14:33:19.054+0530,VendorRegistration,,e8f623dfd2e1a0442d0754a6cccb999a8583a39a,Connexus-inc/connexus-web-api,2026-05-25T14:26:50+05:30,Vysakh R J,fix: adding user id back to verify vendor user,0.4884,3,0.0,0.0,0.0,0.0,,0.2442,
CX-3483,User gets stuck on Payment step after network error and cannot proceed with Business Verification,Varun Wilson,2026-06-09T14:16:29.661+0530,2026-06-10T14:33:19.054+0530,VendorRegistration,,073c52f28d9fde5ed75c2cdf8239a75ddc97a42d,Connexus-inc/connexus-web-api,2026-06-24T16:34:46+05:30,Vysakh R J,fix: consent-acceptance-payload-change,0.4866,4,0.0,0.0,0.0,0.0,,0.2433,
CX-3483,User gets stuck on Payment step after network error and cannot proceed with Business Verification,Varun Wilson,2026-06-09T14:16:29.661+0530,2026-06-10T14:33:19.054+0530,VendorRegistration,,0cb73147ce0258a3839efbe225018eb36daf0343,Connexus-inc/connexus-web-api,2026-05-29T13:37:47+05:30,AJAY DEV,Merge pull request #2022 from Connexus-inc/ajay/fix/vendor-retry-invite-reuse,0.4728,5,0.0,0.0,0.0,0.0,,0.2364,
CX-3483,User gets stuck on Payment step after network error and cannot proceed with Business Verification,Varun Wilson,2026-06-09T14:16:29.661+0530,2026-06-10T14:33:19.054+0530,VendorRegistration,,3e4c234f4b2a5fee5bcbac75c4b6796b3c251e6d,Connexus-inc/connexus-web-api,2026-06-24T14:24:19+05:30,Vysakh R J,fix: removed the user auto authorisation,0.4715,6,0.0,0.0,0.0,0.0,,0.2357,
CX-3483,User gets stuck on Payment step after network error and cannot proceed with Business Verification,Varun Wilson,2026-06-09T14:16:29.661+0530,2026-06-10T14:33:19.054+0530,VendorRegistration,,108d0cc02cfb3bd3598a67dd3d5d8ed498a3964c,Connexus-inc/connexus-web-client,2026-05-29T11:30:12+05:30,varunw92,Merge pull request #2104 from Connexus-inc/fix/vendor-invite-fixes,0.4712,7,0.0,0.0,0.0,0.0,,0.2356,
CX-3483,User gets stuck on Payment step after network error and cannot proceed with Business Verification,Varun Wilson,2026-06-09T14:16:29.661+0530,2026-06-10T14:33:19.054+0530,VendorRegistration,,c961152f8e6a18e79db0fabb6a0182561e77ded7,Connexus-inc/connexus-web-client,2026-06-10T14:10:47+05:30,Ramesh P R,fix: handle continue optimisation and updated validation,0.469,8,0.0,0.0,0.0,0.0,,0.2345,
CX-3485,Unable to Invite Previously Verified Vendor from a Different Client Account,Vysakh R J,2026-06-09T14:32:26.871+0530,2026-06-15T13:48:53.972+0530,VendorRegistration,,3677acd1bfb76f55bb0e31a7a0481f5864943531,Connexus-inc/connexus-web-api,2026-06-02T15:47:44+05:30,Varun Wilson,feat: add conflict exception for incomplete vendor onboarding in ClientVendorsService,0.6174,1,0.0,0.0,0.0,0.0,,0.3087,
CX-3485,Unable to Invite Previously Verified Vendor from a Different Client Account,Vysakh R J,2026-06-09T14:32:26.871+0530,2026-06-15T13:48:53.972+0530,VendorRegistration,,d9a26ad86ee71b28f2c4a67e9b75e263c8fb6a85,Connexus-inc/connexus-web-client,2026-06-11T15:50:29+05:30,varunw92,Merge pull request #2157 from Connexus-inc/fix/vendor-invite-fixes,0.5821,2,0.0,0.0,0.0,0.0,,0.2911,
CX-3485,Unable to Invite Previously Verified Vendor from a Different Client Account,Vysakh R J,2026-06-09T14:32:26.871+0530,2026-06-15T13:48:53.972+0530,VendorRegistration,,ddd00d4cca4d7d0d3b8c524f877e2d78e73ef9d6,Connexus-inc/connexus-web-api,2026-05-25T14:28:40+05:30,Vysakh R J,Merge pull request #2005 from Connexus-inc/feat-vendor-invite-registration,0.5791,3,0.0,0.0,0.0,0.0,,0.2895,
CX-3485,Unable to Invite Previously Verified Vendor from a Different Client Account,Vysakh R J,2026-06-09T14:32:26.871+0530,2026-06-15T13:48:53.972+0530,VendorRegistration,,9207e67c8d244e0da4feab6958ce4e758fa28dab,Connexus-inc/connexus-web-api,2026-06-03T12:55:28+05:30,Varun Wilson,feat: add legal name validation to prevent duplicate vendor entries,0.5766,4,0.0,0.0,0.0,0.0,,0.2883,
CX-3485,Unable to Invite Previously Verified Vendor from a Different Client Account,Vysakh R J,2026-06-09T14:32:26.871+0530,2026-06-15T13:48:53.972+0530,VendorRegistration,,dd0efdf1813909f3b4e01bc454ea3fe431bc4e8c,Connexus-inc/connexus-web-api,2026-06-20T01:09:02+05:30,Vysakh R J,feat: consent form saving flow vendor compliance,0.5356,5,0.0,0.0,0.0,0.0,,0.2678,
CX-3485,Unable to Invite Previously Verified Vendor from a Different Client Account,Vysakh R J,2026-06-09T14:32:26.871+0530,2026-06-15T13:48:53.972+0530,VendorRegistration,,fb24be237344c91df9eb55b7035b0abff29f5a16,Connexus-inc/connexus-web-api,2026-06-09T12:04:47+05:30,AJAY DEV,Merge pull request #2017 from Connexus-inc/vendor-invitation-bugs,0.5278,6,0.0,0.0,0.0,0.0,,0.2639,
CX-3485,Unable to Invite Previously Verified Vendor from a Different Client Account,Vysakh R J,2026-06-09T14:32:26.871+0530,2026-06-15T13:48:53.972+0530,VendorRegistration,,bd82b678646d72a3e27b6374de11de443544115a,Connexus-inc/connexus-web-api,2026-06-10T14:01:02+05:30,Vysakh R J,docs(cleanup): add design for orphan client-vendor connection cleanup,0.5248,7,0.0,0.0,0.0,0.0,,0.2624,
CX-3485,Unable to Invite Previously Verified Vendor from a Different Client Account,Vysakh R J,2026-06-09T14:32:26.871+0530,2026-06-15T13:48:53.972+0530,VendorRegistration,,5ca1335b7468e7b499a3e2356052f55c6bc0d569,Connexus-inc/connexus-web-api,2026-06-30T12:38:11+05:30,Vysakh R J,fix: logic issue fixes,0.5239,8,0.0,0.0,0.0,0.0,,0.2619,
CX-3487,"Incorrect ""Business verification failed"" error displayed after successful business verification",Rakhesh J,2026-06-09T20:08:16.039+0530,2026-06-15T10:08:31.809+0530,VendorRegistration,,65971139021890fad7f4161e41903cc56b297f90,Connexus-inc/connexus-web-client,2026-05-26T23:57:26+05:30,rakhesh.j,feat(venor-compliance): vendor compliance verification pages ui - api integration pending,0.5684,4,0.85,1.0,0.273,0.745,moderate,0.6567,TRUE
CX-3487,"Incorrect ""Business verification failed"" error displayed after successful business verification",Rakhesh J,2026-06-09T20:08:16.039+0530,2026-06-15T10:08:31.809+0530,VendorRegistration,,c6e3272b56a0b41dbcc0ab54ec1ce93f17f88c3b,Connexus-inc/connexus-web-api,2026-06-01T14:10:23+05:30,ajaydev,feat: new email for failed and changes,0.6106,1,0.0,0.0,0.0,0.0,,0.3053,
CX-3487,"Incorrect ""Business verification failed"" error displayed after successful business verification",Rakhesh J,2026-06-09T20:08:16.039+0530,2026-06-15T10:08:31.809+0530,VendorRegistration,,514eaeff5b4b2930c2631a394289171528bccb55,Connexus-inc/connexus-web-api,2026-05-29T15:59:09+05:30,ajaydev,fix: failure reason on success,0.58,2,0.0,0.0,0.0,0.0,,0.29,
CX-3487,"Incorrect ""Business verification failed"" error displayed after successful business verification",Rakhesh J,2026-06-09T20:08:16.039+0530,2026-06-15T10:08:31.809+0530,VendorRegistration,,ef809af3ee3dbaf28d710a1be753f35e0cb8bc25,Connexus-inc/connexus-web-api,2026-05-29T14:12:38+05:30,AJAY DEV,Merge pull request #2023 from Connexus-inc/ajay/fix/vendor-verify-other,0.5722,3,0.0,0.0,0.0,0.0,,0.2861,
CX-3487,"Incorrect ""Business verification failed"" error displayed after successful business verification",Rakhesh J,2026-06-09T20:08:16.039+0530,2026-06-15T10:08:31.809+0530,VendorRegistration,,1e38e7aef1c8b1079de0e25cb0fd16bbac05070b,Connexus-inc/connexus-web-client,2026-06-15T12:05:12+05:30,varunw92,Merge pull request #2173 from Connexus-inc/fix/vendor-invite-fixes,0.5485,5,0.0,0.0,0.0,0.0,,0.2743,
CX-3487,"Incorrect ""Business verification failed"" error displayed after successful business verification",Rakhesh J,2026-06-09T20:08:16.039+0530,2026-06-15T10:08:31.809+0530,VendorRegistration,,cf5ba88c0e522e89e377356b0f6880124c5565ee,Connexus-inc/connexus-web-api,2026-05-29T14:11:05+05:30,ajaydev,fix: other business fail,0.5461,6,0.0,0.0,0.0,0.0,,0.2731,
CX-3487,"Incorrect ""Business verification failed"" error displayed after successful business verification",Rakhesh J,2026-06-09T20:08:16.039+0530,2026-06-15T10:08:31.809+0530,VendorRegistration,,c23eb123a5db10b6be41298cda9d80f1fdc4d286,Connexus-inc/connexus-web-api,2026-05-27T10:56:23+05:30,ajaydev,fix: signzy error,0.5417,7,0.0,0.0,0.0,0.0,,0.2709,
CX-3487,"Incorrect ""Business verification failed"" error displayed after successful business verification",Rakhesh J,2026-06-09T20:08:16.039+0530,2026-06-15T10:08:31.809+0530,VendorRegistration,,d0ff603112d98521900981e1afe6bf4b911fe256,Connexus-inc/connexus-web-client,2026-06-19T14:28:32+05:30,varunw92,Merge pull request #2180 from Connexus-inc/fix/update-business-verified,0.5399,8,0.0,0.0,0.0,0.0,,0.27,
CX-3488,Verification Failure Email Contains Incorrect Subject and Content,ajay.dev,2026-06-09T20:14:28.113+0530,2026-06-15T18:50:52.830+0530,VendorRegistration,,ef809af3ee3dbaf28d710a1be753f35e0cb8bc25,Connexus-inc/connexus-web-api,2026-05-29T14:12:38+05:30,AJAY DEV,Merge pull request #2023 from Connexus-inc/ajay/fix/vendor-verify-other,0.5653,1,0.85,1.0,0.0,0.69,moderate,0.6277,TRUE
CX-3488,Verification Failure Email Contains Incorrect Subject and Content,ajay.dev,2026-06-09T20:14:28.113+0530,2026-06-15T18:50:52.830+0530,VendorRegistration,,1e38e7aef1c8b1079de0e25cb0fd16bbac05070b,Connexus-inc/connexus-web-client,2026-06-15T12:05:12+05:30,varunw92,Merge pull request #2173 from Connexus-inc/fix/vendor-invite-fixes,0.5651,2,0.0,0.0,0.0,0.0,,0.2825,
CX-3488,Verification Failure Email Contains Incorrect Subject and Content,ajay.dev,2026-06-09T20:14:28.113+0530,2026-06-15T18:50:52.830+0530,VendorRegistration,,948a0bf8b940c847609d121c6b93b821c5e0d290,Connexus-inc/connexus-web-api,2026-05-06T15:49:53+05:30,ajaydev,fix: email subject and welcome email,0.5612,3,0.0,0.0,0.0,0.0,,0.2806,
CX-3488,Verification Failure Email Contains Incorrect Subject and Content,ajay.dev,2026-06-09T20:14:28.113+0530,2026-06-15T18:50:52.830+0530,VendorRegistration,,6deb0e1eb5440f24084b5884dd1fdd3f832800af,Connexus-inc/connexus-web-api,2026-06-16T12:25:50+05:30,basimneoito,Merge pull request #2083 from Connexus-inc/ajay/fix/vendor-verify-complete,0.5593,4,0.0,0.0,0.0,0.0,,0.2796,
CX-3488,Verification Failure Email Contains Incorrect Subject and Content,ajay.dev,2026-06-09T20:14:28.113+0530,2026-06-15T18:50:52.830+0530,VendorRegistration,,8b3fe0edb3ac08d1678bc35f1944993711552621,Connexus-inc/connexus-web-api,2026-04-28T16:58:29+05:30,basimneoito,Merge pull request #1908 from Connexus-inc/ajay/fix/email-sub,0.5544,5,0.0,0.0,0.0,0.0,,0.2772,
CX-3488,Verification Failure Email Contains Incorrect Subject and Content,ajay.dev,2026-06-09T20:14:28.113+0530,2026-06-15T18:50:52.830+0530,VendorRegistration,,2691f593c6c66e11e3ca82c096fd9f964212af19,Connexus-inc/connexus-web-client,2026-02-24T16:56:39+05:30,varunw92,Merge pull request #1742 from Connexus-inc/fix/rfp_vendor_status_change_fix,0.5522,6,0.0,0.0,0.0,0.0,,0.2761,
CX-3488,Verification Failure Email Contains Incorrect Subject and Content,ajay.dev,2026-06-09T20:14:28.113+0530,2026-06-15T18:50:52.830+0530,VendorRegistration,,57db8d2dba3db5e2a865e6963bb29a99e48361ab,Connexus-inc/connexus-web-api,2026-06-11T12:54:44+05:30,ajaydev,fix: email template footer,0.5517,7,0.0,0.0,0.0,0.0,,0.2759,
CX-3488,Verification Failure Email Contains Incorrect Subject and Content,ajay.dev,2026-06-09T20:14:28.113+0530,2026-06-15T18:50:52.830+0530,VendorRegistration,,c237a9b78df4a2750f21bd96090c90681221e3e8,Connexus-inc/connexus-web-api,2026-05-06T15:53:12+05:30,basimneoito,Merge pull request #1947 from Connexus-inc/ajay/fix/email-sub-change,0.5463,8,0.0,0.0,0.0,0.0,,0.2731,
CX-3489,Payment Link Fails for Previously Invited Vendor Invited by a New Client,Vysakh R J,2026-06-09T20:38:42.556+0530,2026-06-15T18:39:09.267+0530,VendorRegistration,,5ca1335b7468e7b499a3e2356052f55c6bc0d569,Connexus-inc/connexus-web-api,2026-06-30T12:38:11+05:30,Vysakh R J,fix: logic issue fixes,0.5403,1,0.0,0.0,0.0,0.0,,0.2702,
CX-3489,Payment Link Fails for Previously Invited Vendor Invited by a New Client,Vysakh R J,2026-06-09T20:38:42.556+0530,2026-06-15T18:39:09.267+0530,VendorRegistration,,d9a26ad86ee71b28f2c4a67e9b75e263c8fb6a85,Connexus-inc/connexus-web-client,2026-06-11T15:50:29+05:30,varunw92,Merge pull request #2157 from Connexus-inc/fix/vendor-invite-fixes,0.5364,2,0.0,0.0,0.0,0.0,,0.2682,
CX-3489,Payment Link Fails for Previously Invited Vendor Invited by a New Client,Vysakh R J,2026-06-09T20:38:42.556+0530,2026-06-15T18:39:09.267+0530,VendorRegistration,,108d0cc02cfb3bd3598a67dd3d5d8ed498a3964c,Connexus-inc/connexus-web-client,2026-05-29T11:30:12+05:30,varunw92,Merge pull request #2104 from Connexus-inc/fix/vendor-invite-fixes,0.5138,3,0.0,0.0,0.0,0.0,,0.2569,
CX-3489,Payment Link Fails for Previously Invited Vendor Invited by a New Client,Vysakh R J,2026-06-09T20:38:42.556+0530,2026-06-15T18:39:09.267+0530,VendorRegistration,,fb24be237344c91df9eb55b7035b0abff29f5a16,Connexus-inc/connexus-web-api,2026-06-09T12:04:47+05:30,AJAY DEV,Merge pull request #2017 from Connexus-inc/vendor-invitation-bugs,0.5072,4,0.0,0.0,0.0,0.0,,0.2536,
CX-3489,Payment Link Fails for Previously Invited Vendor Invited by a New Client,Vysakh R J,2026-06-09T20:38:42.556+0530,2026-06-15T18:39:09.267+0530,VendorRegistration,,af0f53cfc65e7cb206b6928a4695765a4a24fb05,Connexus-inc/connexus-web-client,2026-05-22T11:36:36+05:30,Ramesh P R,feat: invite flow integration,0.5057,5,0.0,0.0,0.0,0.0,,0.2528,
CX-3489,Payment Link Fails for Previously Invited Vendor Invited by a New Client,Vysakh R J,2026-06-09T20:38:42.556+0530,2026-06-15T18:39:09.267+0530,VendorRegistration,,d9125c71ec5d882d7049f74cad0b9e41faa63b8f,Connexus-inc/connexus-web-api,2026-06-12T11:33:21+05:30,Vysakh R J,fix: client invite changes,0.4996,6,0.0,0.0,0.0,0.0,,0.2498,
CX-3489,Payment Link Fails for Previously Invited Vendor Invited by a New Client,Vysakh R J,2026-06-09T20:38:42.556+0530,2026-06-15T18:39:09.267+0530,VendorRegistration,,3d680c35b935da6219b0553c82c1bd828a2d94a7,Connexus-inc/connexus-web-api,2026-06-16T11:34:52+05:30,basimneoito,Merge pull request #2080 from Connexus-inc/feat-new-per-client-invite-flow,0.4935,7,0.0,0.0,0.0,0.0,,0.2468,
CX-3489,Payment Link Fails for Previously Invited Vendor Invited by a New Client,Vysakh R J,2026-06-09T20:38:42.556+0530,2026-06-15T18:39:09.267+0530,VendorRegistration,,8c76324e7fe151f433c9348869b0a0bd2dfacab2,Connexus-inc/connexus-web-client,2026-06-23T16:46:09+05:30,varunw92,Merge pull request #2184 from Connexus-inc/fix/vendor-invite-fixes,0.487,8,0.0,0.0,0.0,0.0,,0.2435,
CX-3490,Missing Validation Message When SSN Is Entered for a Non-Sole Proprietor Business,ajay.dev,2026-06-09T20:57:35.371+0530,2026-06-15T18:31:22.348+0530,VendorRegistration,,ef809af3ee3dbaf28d710a1be753f35e0cb8bc25,Connexus-inc/connexus-web-api,2026-05-29T14:12:38+05:30,AJAY DEV,Merge pull request #2023 from Connexus-inc/ajay/fix/vendor-verify-other,0.3915,8,0.85,1.0,0.143,0.719,moderate,0.5552,TRUE
CX-3490,Missing Validation Message When SSN Is Entered for a Non-Sole Proprietor Business,ajay.dev,2026-06-09T20:57:35.371+0530,2026-06-15T18:31:22.348+0530,VendorRegistration,,edd30b04be268faaf6e7dd8aa673f6b4fb64f056,Connexus-inc/connexus-web-client,2026-06-10T12:58:34+05:30,rakhesh.j,feat(venor-compliance): retry form added for tax id failed also,0.5644,1,0.0,0.0,0.0,0.0,,0.2822,
CX-3490,Missing Validation Message When SSN Is Entered for a Non-Sole Proprietor Business,ajay.dev,2026-06-09T20:57:35.371+0530,2026-06-15T18:31:22.348+0530,VendorRegistration,,502ba517c8719a3811f58b0c6b1cdcf4f44ddfb5,Connexus-inc/connexus-web-client,2026-06-02T17:56:28+05:30,rakhesh.j,feat(venor-compliance): pr comments changes,0.4558,2,0.0,0.0,0.0,0.0,,0.2279,
CX-3490,Missing Validation Message When SSN Is Entered for a Non-Sole Proprietor Business,ajay.dev,2026-06-09T20:57:35.371+0530,2026-06-15T18:31:22.348+0530,VendorRegistration,,cf5ba88c0e522e89e377356b0f6880124c5565ee,Connexus-inc/connexus-web-api,2026-05-29T14:11:05+05:30,ajaydev,fix: other business fail,0.4273,3,0.0,0.0,0.0,0.0,,0.2136,
CX-3490,Missing Validation Message When SSN Is Entered for a Non-Sole Proprietor Business,ajay.dev,2026-06-09T20:57:35.371+0530,2026-06-15T18:31:22.348+0530,VendorRegistration,,af3b06447af2123c9dd33140ad33007bfd582aec,Connexus-inc/connexus-web-client,2026-06-04T13:15:05+05:30,rakhesh.j,feat(venor-compliance): pr comments fix,0.4209,4,0.0,0.0,0.0,0.0,,0.2104,
CX-3490,Missing Validation Message When SSN Is Entered for a Non-Sole Proprietor Business,ajay.dev,2026-06-09T20:57:35.371+0530,2026-06-15T18:31:22.348+0530,VendorRegistration,,391bfd800f963720b2fcf171979ee252d941bd4b,Connexus-inc/connexus-web-client,2026-06-02T16:39:47+05:30,rakhesh.j,feat(venor-compliance): vendor verification details page api integartion added,0.4113,5,0.0,0.0,0.0,0.0,,0.2057,
CX-3490,Missing Validation Message When SSN Is Entered for a Non-Sole Proprietor Business,ajay.dev,2026-06-09T20:57:35.371+0530,2026-06-15T18:31:22.348+0530,VendorRegistration,,9207e67c8d244e0da4feab6958ce4e758fa28dab,Connexus-inc/connexus-web-api,2026-06-03T12:55:28+05:30,Varun Wilson,feat: add legal name validation to prevent duplicate vendor entries,0.4108,6,0.0,0.0,0.0,0.0,,0.2054,
CX-3490,Missing Validation Message When SSN Is Entered for a Non-Sole Proprietor Business,ajay.dev,2026-06-09T20:57:35.371+0530,2026-06-15T18:31:22.348+0530,VendorRegistration,,91bfa9bea9104aa86038d731409e9c81b37565f2,Connexus-inc/connexus-web-api,2026-02-27T00:24:07+05:30,Raoof,"feat: implement SSO vendor registration flow for Microsoft logins, including new DTO fields and service logic to link vendors and provision Cognito users",0.3934,7,0.0,0.0,0.0,0.0,,0.1967,
CX-3491,Vendor registration displays old phone number instead of updated phone number entered during vendor invitation,Rakhesh J,2026-06-09T21:08:05.851+0530,2026-06-16T11:43:50.927+0530,VendorRegistration,,1026a21555b0a2e20942672bee9431d05f47b7c1,Connexus-inc/connexus-web-client,2026-06-10T15:24:11+05:30,rakhesh.j,feat(venor-compliance): phone number auto populate issue fix,0.5207,5,0.85,1.0,0.462,0.782,strong,0.6514,TRUE
CX-3491,Vendor registration displays old phone number instead of updated phone number entered during vendor invitation,Rakhesh J,2026-06-09T21:08:05.851+0530,2026-06-16T11:43:50.927+0530,VendorRegistration,,cb1b3e1caf2bd08f18d02f03fbe87adc58fa6228,Connexus-inc/connexus-web-client,2026-06-11T15:41:28+05:30,rakhesh.j,feat(venor-compliance): phone number fix and consent modal changes,0.5025,6,0.85,1.0,0.462,0.782,strong,0.6423,TRUE
CX-3491,Vendor registration displays old phone number instead of updated phone number entered during vendor invitation,Rakhesh J,2026-06-09T21:08:05.851+0530,2026-06-16T11:43:50.927+0530,VendorRegistration,,8ab40adf99389a0d5f6778a120f94eb5553ee4d5,Connexus-inc/connexus-web-client,2026-06-08T17:20:46+05:30,varunw92,Merge pull request #2146 from Connexus-inc/fix/vendor-invite-fixes,0.6761,1,0.0,0.0,0.0,0.0,,0.3381,
CX-3491,Vendor registration displays old phone number instead of updated phone number entered during vendor invitation,Rakhesh J,2026-06-09T21:08:05.851+0530,2026-06-16T11:43:50.927+0530,VendorRegistration,,594947f253d0509b9189d7436800826f737c409b,Connexus-inc/connexus-web-client,2026-06-08T16:33:22+05:30,Ramesh P R,fix: phone number field update in invite vendor form,0.6132,2,0.0,0.0,0.0,0.0,,0.3066,
CX-3491,Vendor registration displays old phone number instead of updated phone number entered during vendor invitation,Rakhesh J,2026-06-09T21:08:05.851+0530,2026-06-16T11:43:50.927+0530,VendorRegistration,,7ef7b9bab490e5c4337d5e9b815791cfe3beb766,Connexus-inc/connexus-web-client,2026-06-01T17:19:54+05:30,Ramesh P R,fix: vendor invite primary contact prefill - made mobile optional,0.5783,3,0.0,0.0,0.0,0.0,,0.2892,
CX-3491,Vendor registration displays old phone number instead of updated phone number entered during vendor invitation,Rakhesh J,2026-06-09T21:08:05.851+0530,2026-06-16T11:43:50.927+0530,VendorRegistration,,01d1dd39cdfbd8926089764ddcee227a01510123,Connexus-inc/connexus-web-api,2026-06-09T00:57:48+05:30,Vysakh R J,docs(client-vendors): add invite-status check design spec and implementation plan,0.5768,4,0.0,0.0,0.0,0.0,,0.2884,
CX-3491,Vendor registration displays old phone number instead of updated phone number entered during vendor invitation,Rakhesh J,2026-06-09T21:08:05.851+0530,2026-06-16T11:43:50.927+0530,VendorRegistration,,0977970c572deddd8086b0edc801320742793649,Connexus-inc/connexus-web-client,2026-01-22T19:14:16+05:00,Tariq Shah,fix(cx2599): made address and phone mandartory on forms,0.4977,7,0.0,0.0,0.0,0.0,,0.2488,
CX-3491,Vendor registration displays old phone number instead of updated phone number entered during vendor invitation,Rakhesh J,2026-06-09T21:08:05.851+0530,2026-06-16T11:43:50.927+0530,VendorRegistration,,ddd00d4cca4d7d0d3b8c524f877e2d78e73ef9d6,Connexus-inc/connexus-web-api,2026-05-25T14:28:40+05:30,Vysakh R J,Merge pull request #2005 from Connexus-inc/feat-vendor-invite-registration,0.4976,8,0.0,0.0,0.0,0.0,,0.2488,
CX-3495,Phone Extension Provided During Vendor Invitation Is Not Displayed in the Vendor Confirmation Details Form,Rakhesh J,2026-06-10T15:04:46.901+0530,2026-06-15T09:24:48.213+0530,VendotInvite,,8ab40adf99389a0d5f6778a120f94eb5553ee4d5,Connexus-inc/connexus-web-client,2026-06-08T17:20:46+05:30,varunw92,Merge pull request #2146 from Connexus-inc/fix/vendor-invite-fixes,0.6217,1,0.0,0.0,0.0,0.0,,0.3109,
CX-3495,Phone Extension Provided During Vendor Invitation Is Not Displayed in the Vendor Confirmation Details Form,Rakhesh J,2026-06-10T15:04:46.901+0530,2026-06-15T09:24:48.213+0530,VendotInvite,,594947f253d0509b9189d7436800826f737c409b,Connexus-inc/connexus-web-client,2026-06-08T16:33:22+05:30,Ramesh P R,fix: phone number field update in invite vendor form,0.5756,2,0.0,0.0,0.0,0.0,,0.2878,
CX-3495,Phone Extension Provided During Vendor Invitation Is Not Displayed in the Vendor Confirmation Details Form,Rakhesh J,2026-06-10T15:04:46.901+0530,2026-06-15T09:24:48.213+0530,VendotInvite,,01d1dd39cdfbd8926089764ddcee227a01510123,Connexus-inc/connexus-web-api,2026-06-09T00:57:48+05:30,Vysakh R J,docs(client-vendors): add invite-status check design spec and implementation plan,0.5629,3,0.0,0.0,0.0,0.0,,0.2814,
CX-3495,Phone Extension Provided During Vendor Invitation Is Not Displayed in the Vendor Confirmation Details Form,Rakhesh J,2026-06-10T15:04:46.901+0530,2026-06-15T09:24:48.213+0530,VendotInvite,,7ef7b9bab490e5c4337d5e9b815791cfe3beb766,Connexus-inc/connexus-web-client,2026-06-01T17:19:54+05:30,Ramesh P R,fix: vendor invite primary contact prefill - made mobile optional,0.5477,4,0.0,0.0,0.0,0.0,,0.2738,
CX-3495,Phone Extension Provided During Vendor Invitation Is Not Displayed in the Vendor Confirmation Details Form,Rakhesh J,2026-06-10T15:04:46.901+0530,2026-06-15T09:24:48.213+0530,VendotInvite,,cb1b3e1caf2bd08f18d02f03fbe87adc58fa6228,Connexus-inc/connexus-web-client,2026-06-11T15:41:28+05:30,rakhesh.j,feat(venor-compliance): phone number fix and consent modal changes,0.5321,5,0.0,0.0,0.0,0.0,,0.2661,
CX-3495,Phone Extension Provided During Vendor Invitation Is Not Displayed in the Vendor Confirmation Details Form,Rakhesh J,2026-06-10T15:04:46.901+0530,2026-06-15T09:24:48.213+0530,VendotInvite,,fb584c608408ab4d9c603a4d270169f3591c433b,Connexus-inc/connexus-web-client,2026-06-01T17:40:25+05:30,varunw92,Merge pull request #2122 from Connexus-inc/fix/vendor-invite-fixes,0.5278,6,0.0,0.0,0.0,0.0,,0.2639,
CX-3495,Phone Extension Provided During Vendor Invitation Is Not Displayed in the Vendor Confirmation Details Form,Rakhesh J,2026-06-10T15:04:46.901+0530,2026-06-15T09:24:48.213+0530,VendotInvite,,1026a21555b0a2e20942672bee9431d05f47b7c1,Connexus-inc/connexus-web-client,2026-06-10T15:24:11+05:30,rakhesh.j,feat(venor-compliance): phone number auto populate issue fix,0.5095,7,0.0,0.0,0.0,0.0,,0.2548,
CX-3495,Phone Extension Provided During Vendor Invitation Is Not Displayed in the Vendor Confirmation Details Form,Rakhesh J,2026-06-10T15:04:46.901+0530,2026-06-15T09:24:48.213+0530,VendotInvite,,ddd00d4cca4d7d0d3b8c524f877e2d78e73ef9d6,Connexus-inc/connexus-web-api,2026-05-25T14:28:40+05:30,Vysakh R J,Merge pull request #2005 from Connexus-inc/feat-vendor-invite-registration,0.5082,8,0.0,0.0,0.0,0.0,,0.2541,
CX-3496,Vendors Display States Serviced from Other Clients Despite No Properties Being Associated with the Current Client,Vysakh R J,2026-06-10T15:30:22.193+0530,2026-06-15T14:08:44.587+0530,VendorRegistration,,bd82b678646d72a3e27b6374de11de443544115a,Connexus-inc/connexus-web-api,2026-06-10T14:01:02+05:30,Vysakh R J,docs(cleanup): add design for orphan client-vendor connection cleanup,0.623,1,0.0,0.0,0.0,0.0,,0.3115,
CX-3496,Vendors Display States Serviced from Other Clients Despite No Properties Being Associated with the Current Client,Vysakh R J,2026-06-10T15:30:22.193+0530,2026-06-15T14:08:44.587+0530,VendorRegistration,,c9ae6282cf8eda6133efe0de47aa1fa0a3c98cbd,Connexus-inc/connexus-web-api,2026-06-10T14:01:03+05:30,Vysakh R J,refactor(scripts): drop contracts and msa sources from client-vendor backfill,0.5655,2,0.0,0.0,0.0,0.0,,0.2828,
CX-3496,Vendors Display States Serviced from Other Clients Despite No Properties Being Associated with the Current Client,Vysakh R J,2026-06-10T15:30:22.193+0530,2026-06-15T14:08:44.587+0530,VendorRegistration,,34dfc7fe694fe8a8a96cf16460332261c2c303dd,Connexus-inc/connexus-web-api,2026-06-10T14:01:02+05:30,Vysakh R J,docs(cleanup): add implementation plan for orphan client-vendor connection cleanup,0.556,3,0.0,0.0,0.0,0.0,,0.278,
CX-3496,Vendors Display States Serviced from Other Clients Despite No Properties Being Associated with the Current Client,Vysakh R J,2026-06-10T15:30:22.193+0530,2026-06-15T14:08:44.587+0530,VendorRegistration,,aa4ccf893853917dac96f41064019f3ed0735372,Connexus-inc/connexus-web-api,2026-04-24T16:54:09+05:30,ajaydev,fix: sender,0.5003,4,0.0,0.0,0.0,0.0,,0.2502,
CX-3496,Vendors Display States Serviced from Other Clients Despite No Properties Being Associated with the Current Client,Vysakh R J,2026-06-10T15:30:22.193+0530,2026-06-15T14:08:44.587+0530,VendorRegistration,,3677acd1bfb76f55bb0e31a7a0481f5864943531,Connexus-inc/connexus-web-api,2026-06-02T15:47:44+05:30,Varun Wilson,feat: add conflict exception for incomplete vendor onboarding in ClientVendorsService,0.4976,5,0.0,0.0,0.0,0.0,,0.2488,
CX-3496,Vendors Display States Serviced from Other Clients Despite No Properties Being Associated with the Current Client,Vysakh R J,2026-06-10T15:30:22.193+0530,2026-06-15T14:08:44.587+0530,VendorRegistration,,857d593ee545fe34c39768d75abc016aec955cc5,Connexus-inc/connexus-web-api,2026-06-10T14:01:03+05:30,Vysakh R J,docs(scripts): update backfill README to reflect 3-source changes,0.4859,6,0.0,0.0,0.0,0.0,,0.2429,
CX-3496,Vendors Display States Serviced from Other Clients Despite No Properties Being Associated with the Current Client,Vysakh R J,2026-06-10T15:30:22.193+0530,2026-06-15T14:08:44.587+0530,VendorRegistration,,a92201ea6728214f866cb9eb256103311ccab350,Connexus-inc/connexus-web-client,2026-07-01T12:57:39+05:30,Ramesh P R,fix: updated permission for client to see client-vendor properties,0.4737,7,0.0,0.0,0.0,0.0,,0.2369,
CX-3496,Vendors Display States Serviced from Other Clients Despite No Properties Being Associated with the Current Client,Vysakh R J,2026-06-10T15:30:22.193+0530,2026-06-15T14:08:44.587+0530,VendorRegistration,,e9dbd5b60c10152537afcadcbdc873a6ba9ceba2,Connexus-inc/connexus-web-api,2026-06-10T14:01:03+05:30,Vysakh R J,fix(contracts): stop creating client-vendor connections from contracts and MSA,0.4595,8,0.0,0.0,0.0,0.0,,0.2297,
CX-3517,"""Invite Vendor"" Button Disappears After Page Refresh",rameshpr,2026-06-11T10:15:50.023+0530,2026-06-15T12:35:34.494+0530,VendorRegistration,,a527bb94c2b5bd690690e3cbe66bb7af19031c9d,Connexus-inc/connexus-web-client,2026-06-01T16:23:25+05:30,Ramesh P R,fix: bug fixes for vendor invite form fields,0.4589,8,0.7,1.0,1.0,0.83,moderate,0.6444,TRUE
CX-3517,"""Invite Vendor"" Button Disappears After Page Refresh",rameshpr,2026-06-11T10:15:50.023+0530,2026-06-15T12:35:34.494+0530,VendorRegistration,,d9a26ad86ee71b28f2c4a67e9b75e263c8fb6a85,Connexus-inc/connexus-web-client,2026-06-11T15:50:29+05:30,varunw92,Merge pull request #2157 from Connexus-inc/fix/vendor-invite-fixes,0.5012,1,0.0,0.0,0.0,0.0,,0.2506,
CX-3517,"""Invite Vendor"" Button Disappears After Page Refresh",rameshpr,2026-06-11T10:15:50.023+0530,2026-06-15T12:35:34.494+0530,VendorRegistration,,ddd00d4cca4d7d0d3b8c524f877e2d78e73ef9d6,Connexus-inc/connexus-web-api,2026-05-25T14:28:40+05:30,Vysakh R J,Merge pull request #2005 from Connexus-inc/feat-vendor-invite-registration,0.5009,2,0.0,0.0,0.0,0.0,,0.2504,
CX-3517,"""Invite Vendor"" Button Disappears After Page Refresh",rameshpr,2026-06-11T10:15:50.023+0530,2026-06-15T12:35:34.494+0530,VendorRegistration,,ea0822f3cdc6cddf652e978428f79dbe69390542,Connexus-inc/connexus-web-client,2026-05-25T17:14:38+05:30,Ramesh P R,fix: added vendorId to invite vendor,0.4989,3,0.0,0.0,0.0,0.0,,0.2494,
CX-3517,"""Invite Vendor"" Button Disappears After Page Refresh",rameshpr,2026-06-11T10:15:50.023+0530,2026-06-15T12:35:34.494+0530,VendorRegistration,,0cb73147ce0258a3839efbe225018eb36daf0343,Connexus-inc/connexus-web-api,2026-05-29T13:37:47+05:30,AJAY DEV,Merge pull request #2022 from Connexus-inc/ajay/fix/vendor-retry-invite-reuse,0.4907,4,0.0,0.0,0.0,0.0,,0.2454,
CX-3517,"""Invite Vendor"" Button Disappears After Page Refresh",rameshpr,2026-06-11T10:15:50.023+0530,2026-06-15T12:35:34.494+0530,VendorRegistration,,c9b133c4373b8523e304c0a91b8684ec4d2db65a,Connexus-inc/connexus-web-client,2026-07-02T17:13:12+05:30,Varun Wilson,fix: redirection handler,0.4793,5,0.0,0.0,0.0,0.0,,0.2396,
CX-3517,"""Invite Vendor"" Button Disappears After Page Refresh",rameshpr,2026-06-11T10:15:50.023+0530,2026-06-15T12:35:34.494+0530,VendorRegistration,,e54c6003cb9b0f293bff29c0afdb64c32f852bc4,Connexus-inc/connexus-web-client,2026-06-26T13:58:41+05:30,Ramesh P R,fix: download button hidden from invite vendor list,0.4675,6,0.0,0.0,0.0,0.0,,0.2338,
CX-3517,"""Invite Vendor"" Button Disappears After Page Refresh",rameshpr,2026-06-11T10:15:50.023+0530,2026-06-15T12:35:34.494+0530,VendorRegistration,,fb584c608408ab4d9c603a4d270169f3591c433b,Connexus-inc/connexus-web-client,2026-06-01T17:40:25+05:30,varunw92,Merge pull request #2122 from Connexus-inc/fix/vendor-invite-fixes,0.4615,7,0.0,0.0,0.0,0.0,,0.2308,
CX-3518,KYB Verification Fails for Company Legal Names Containing Special Characters,ajay.dev,2026-06-11T10:24:54.860+0530,2026-06-15T10:33:53.782+0530,VendorRegistration,,149fcf57a5a2441dfb7f3ba0322305c14065b3e8,Connexus-inc/connexus-web-api,2026-05-29T15:07:01+05:30,basimneoito,Merge pull request #2025 from Connexus-inc/ajay/fix/kyb-status,0.4782,1,0.0,0.0,0.0,0.0,,0.2391,
CX-3518,KYB Verification Fails for Company Legal Names Containing Special Characters,ajay.dev,2026-06-11T10:24:54.860+0530,2026-06-15T10:33:53.782+0530,VendorRegistration,,cf5ba88c0e522e89e377356b0f6880124c5565ee,Connexus-inc/connexus-web-api,2026-05-29T14:11:05+05:30,ajaydev,fix: other business fail,0.4139,2,0.0,0.0,0.0,0.0,,0.2069,
CX-3518,KYB Verification Fails for Company Legal Names Containing Special Characters,ajay.dev,2026-06-11T10:24:54.860+0530,2026-06-15T10:33:53.782+0530,VendorRegistration,,10db07cbd48affd4e58703f3e9c4f09482f524a4,Connexus-inc/connexus-web-api,2026-01-30T13:00:42+05:30,Vysakh R J,Merge pull request #1548 from Connexus-inc/fix-issues-with-service-name-special-character,0.4008,3,0.0,0.0,0.0,0.0,,0.2004,
CX-3518,KYB Verification Fails for Company Legal Names Containing Special Characters,ajay.dev,2026-06-11T10:24:54.860+0530,2026-06-15T10:33:53.782+0530,VendorRegistration,,e073d35b2d3c12517889fd4cbbad4b670967da51,Connexus-inc/connexus-web-api,2026-04-21T16:41:44+05:30,ajaydev,feat: manager name validation,0.3765,4,0.0,0.0,0.0,0.0,,0.1883,
CX-3518,KYB Verification Fails for Company Legal Names Containing Special Characters,ajay.dev,2026-06-11T10:24:54.860+0530,2026-06-15T10:33:53.782+0530,VendorRegistration,,edd30b04be268faaf6e7dd8aa673f6b4fb64f056,Connexus-inc/connexus-web-client,2026-06-10T12:58:34+05:30,rakhesh.j,feat(venor-compliance): retry form added for tax id failed also,0.3661,5,0.0,0.0,0.0,0.0,,0.183,
CX-3518,KYB Verification Fails for Company Legal Names Containing Special Characters,ajay.dev,2026-06-11T10:24:54.860+0530,2026-06-15T10:33:53.782+0530,VendorRegistration,,bd832534a5856f54c5ecd6e8e32eb3472eb14c40,Connexus-inc/connexus-web-api,2026-01-30T16:11:41+05:30,Vysakh R J,Merge pull request #1552 from Connexus-inc/fix-issues-with-service-name-special-character,0.3644,6,0.0,0.0,0.0,0.0,,0.1822,
CX-3518,KYB Verification Fails for Company Legal Names Containing Special Characters,ajay.dev,2026-06-11T10:24:54.860+0530,2026-06-15T10:33:53.782+0530,VendorRegistration,,536f82bd8ffa6f34c27ded461bc308e73678a1c0,Connexus-inc/connexus-web-api,2026-04-24T15:05:59+05:30,basimneoito,Merge pull request #1893 from Connexus-inc/ajay/fix/name,0.3601,7,0.0,0.0,0.0,0.0,,0.1801,
CX-3518,KYB Verification Fails for Company Legal Names Containing Special Characters,ajay.dev,2026-06-11T10:24:54.860+0530,2026-06-15T10:33:53.782+0530,VendorRegistration,,1f458239a979e915b45f0d188c50d8c959841463,Connexus-inc/connexus-web-api,2026-04-24T14:58:40+05:30,ajaydev,fix: legal name,0.3595,8,0.0,0.0,0.0,0.0,,0.1797,
CX-3520,Services Are Not Displayed for Preferred and Current Vendors in the Vendors Table,Vysakh R J,2026-06-11T11:20:25.738+0530,2026-06-17T10:32:36.921+0530,VendorRegistration,,3ab08ed206b23d8f65e046752f958c9e24b5c809,Connexus-inc/connexus-web-api,2026-05-22T11:12:31+05:30,Vysakh R J,fix: made vendorType nullable,0.5274,1,0.0,0.0,0.0,0.0,,0.2637,
CX-3520,Services Are Not Displayed for Preferred and Current Vendors in the Vendors Table,Vysakh R J,2026-06-11T11:20:25.738+0530,2026-06-17T10:32:36.921+0530,VendorRegistration,,80579a7e33f261434c6d7bc6d166f806a79095d0,Connexus-inc/connexus-web-api,2026-02-04T09:53:59+05:30,Raoof,feat: import `VendorStatuses` from `@prisma/client` in the potential vendors service,0.5184,2,0.0,0.0,0.0,0.0,,0.2592,
CX-3520,Services Are Not Displayed for Preferred and Current Vendors in the Vendors Table,Vysakh R J,2026-06-11T11:20:25.738+0530,2026-06-17T10:32:36.921+0530,VendorRegistration,,88a16ff2b384433abba951b8b3e04545299331eb,Connexus-inc/connexus-web-client,2026-01-27T22:34:47+05:30,varunw92,Merge pull request #1588 from Connexus-inc/vendor-to-profile-vendorview,0.5022,3,0.0,0.0,0.0,0.0,,0.2511,
CX-3520,Services Are Not Displayed for Preferred and Current Vendors in the Vendors Table,Vysakh R J,2026-06-11T11:20:25.738+0530,2026-06-17T10:32:36.921+0530,VendorRegistration,,3677acd1bfb76f55bb0e31a7a0481f5864943531,Connexus-inc/connexus-web-api,2026-06-02T15:47:44+05:30,Varun Wilson,feat: add conflict exception for incomplete vendor onboarding in ClientVendorsService,0.4945,4,0.0,0.0,0.0,0.0,,0.2473,
CX-3520,Services Are Not Displayed for Preferred and Current Vendors in the Vendors Table,Vysakh R J,2026-06-11T11:20:25.738+0530,2026-06-17T10:32:36.921+0530,VendorRegistration,,bd82b678646d72a3e27b6374de11de443544115a,Connexus-inc/connexus-web-api,2026-06-10T14:01:02+05:30,Vysakh R J,docs(cleanup): add design for orphan client-vendor connection cleanup,0.484,5,0.0,0.0,0.0,0.0,,0.242,
CX-3520,Services Are Not Displayed for Preferred and Current Vendors in the Vendors Table,Vysakh R J,2026-06-11T11:20:25.738+0530,2026-06-17T10:32:36.921+0530,VendorRegistration,,e9dbd5b60c10152537afcadcbdc873a6ba9ceba2,Connexus-inc/connexus-web-api,2026-06-10T14:01:03+05:30,Vysakh R J,fix(contracts): stop creating client-vendor connections from contracts and MSA,0.4772,6,0.0,0.0,0.0,0.0,,0.2386,
CX-3520,Services Are Not Displayed for Preferred and Current Vendors in the Vendors Table,Vysakh R J,2026-06-11T11:20:25.738+0530,2026-06-17T10:32:36.921+0530,VendorRegistration,,d669a474a703b0b73203481fa4f1790bc12d901b,Connexus-inc/connexus-web-api,2026-02-02T14:20:10+05:30,Raoof,refactor: remove permission check from the `getServiceableAreas` vendor endpoint,0.4747,7,0.0,0.0,0.0,0.0,,0.2374,
CX-3520,Services Are Not Displayed for Preferred and Current Vendors in the Vendors Table,Vysakh R J,2026-06-11T11:20:25.738+0530,2026-06-17T10:32:36.921+0530,VendorRegistration,,aa4ccf893853917dac96f41064019f3ed0735372,Connexus-inc/connexus-web-api,2026-04-24T16:54:09+05:30,ajaydev,fix: sender,0.4693,8,0.0,0.0,0.0,0.0,,0.2347,
CX-3521,Incorrect Services Displayed for Vendors Invited by Multiple Clients,Vysakh R J,2026-06-11T11:34:33.005+0530,2026-06-15T14:01:53.620+0530,VendorRegistration,,bd82b678646d72a3e27b6374de11de443544115a,Connexus-inc/connexus-web-api,2026-06-10T14:01:02+05:30,Vysakh R J,docs(cleanup): add design for orphan client-vendor connection cleanup,0.5587,1,0.0,0.0,0.0,0.0,,0.2793,
CX-3521,Incorrect Services Displayed for Vendors Invited by Multiple Clients,Vysakh R J,2026-06-11T11:34:33.005+0530,2026-06-15T14:01:53.620+0530,VendorRegistration,,3677acd1bfb76f55bb0e31a7a0481f5864943531,Connexus-inc/connexus-web-api,2026-06-02T15:47:44+05:30,Varun Wilson,feat: add conflict exception for incomplete vendor onboarding in ClientVendorsService,0.4918,2,0.0,0.0,0.0,0.0,,0.2459,
CX-3521,Incorrect Services Displayed for Vendors Invited by Multiple Clients,Vysakh R J,2026-06-11T11:34:33.005+0530,2026-06-15T14:01:53.620+0530,VendorRegistration,,c9ae6282cf8eda6133efe0de47aa1fa0a3c98cbd,Connexus-inc/connexus-web-api,2026-06-10T14:01:03+05:30,Vysakh R J,refactor(scripts): drop contracts and msa sources from client-vendor backfill,0.4876,3,0.0,0.0,0.0,0.0,,0.2438,
CX-3521,Incorrect Services Displayed for Vendors Invited by Multiple Clients,Vysakh R J,2026-06-11T11:34:33.005+0530,2026-06-15T14:01:53.620+0530,VendorRegistration,,34dfc7fe694fe8a8a96cf16460332261c2c303dd,Connexus-inc/connexus-web-api,2026-06-10T14:01:02+05:30,Vysakh R J,docs(cleanup): add implementation plan for orphan client-vendor connection cleanup,0.4753,4,0.0,0.0,0.0,0.0,,0.2376,
CX-3521,Incorrect Services Displayed for Vendors Invited by Multiple Clients,Vysakh R J,2026-06-11T11:34:33.005+0530,2026-06-15T14:01:53.620+0530,VendorRegistration,,d9a26ad86ee71b28f2c4a67e9b75e263c8fb6a85,Connexus-inc/connexus-web-client,2026-06-11T15:50:29+05:30,varunw92,Merge pull request #2157 from Connexus-inc/fix/vendor-invite-fixes,0.4747,5,0.0,0.0,0.0,0.0,,0.2373,
CX-3521,Incorrect Services Displayed for Vendors Invited by Multiple Clients,Vysakh R J,2026-06-11T11:34:33.005+0530,2026-06-15T14:01:53.620+0530,VendorRegistration,,e9dbd5b60c10152537afcadcbdc873a6ba9ceba2,Connexus-inc/connexus-web-api,2026-06-10T14:01:03+05:30,Vysakh R J,fix(contracts): stop creating client-vendor connections from contracts and MSA,0.4471,6,0.0,0.0,0.0,0.0,,0.2235,
CX-3521,Incorrect Services Displayed for Vendors Invited by Multiple Clients,Vysakh R J,2026-06-11T11:34:33.005+0530,2026-06-15T14:01:53.620+0530,VendorRegistration,,69e6eeb629ca5f8416fb281ee4c6e8e234e1a1c3,Connexus-inc/connexus-web-client,2026-06-10T11:20:56+05:30,Ramesh P R,fix: prevents system from selecting already invited vendors,0.4456,7,0.0,0.0,0.0,0.0,,0.2228,
CX-3521,Incorrect Services Displayed for Vendors Invited by Multiple Clients,Vysakh R J,2026-06-11T11:34:33.005+0530,2026-06-15T14:01:53.620+0530,VendorRegistration,,857d593ee545fe34c39768d75abc016aec955cc5,Connexus-inc/connexus-web-api,2026-06-10T14:01:03+05:30,Vysakh R J,docs(scripts): update backfill README to reflect 3-source changes,0.4426,8,0.0,0.0,0.0,0.0,,0.2213,
CX-3522,Vendor invite workflow is restricted by Services permissions,rameshpr,2026-06-11T13:48:40.256+0530,2026-06-16T12:33:49.924+0530,VendorRegistration,,d9a26ad86ee71b28f2c4a67e9b75e263c8fb6a85,Connexus-inc/connexus-web-client,2026-06-11T15:50:29+05:30,varunw92,Merge pull request #2157 from Connexus-inc/fix/vendor-invite-fixes,0.4644,1,0.0,0.0,0.0,0.0,,0.2322,
CX-3522,Vendor invite workflow is restricted by Services permissions,rameshpr,2026-06-11T13:48:40.256+0530,2026-06-16T12:33:49.924+0530,VendorRegistration,,3e4c234f4b2a5fee5bcbac75c4b6796b3c251e6d,Connexus-inc/connexus-web-api,2026-06-24T14:24:19+05:30,Vysakh R J,fix: removed the user auto authorisation,0.4471,2,0.0,0.0,0.0,0.0,,0.2236,
CX-3522,Vendor invite workflow is restricted by Services permissions,rameshpr,2026-06-11T13:48:40.256+0530,2026-06-16T12:33:49.924+0530,VendorRegistration,,87002ae9c284f224d07406a18b98d144b8b1dec7,Connexus-inc/connexus-web-api,2026-06-02T18:02:43+05:30,Vysakh R J,Merge pull request #2039 from Connexus-inc/fix-vendor-invite-restriction,0.4417,3,0.0,0.0,0.0,0.0,,0.2208,
CX-3522,Vendor invite workflow is restricted by Services permissions,rameshpr,2026-06-11T13:48:40.256+0530,2026-06-16T12:33:49.924+0530,VendorRegistration,,d669a474a703b0b73203481fa4f1790bc12d901b,Connexus-inc/connexus-web-api,2026-02-02T14:20:10+05:30,Raoof,refactor: remove permission check from the `getServiceableAreas` vendor endpoint,0.4294,4,0.0,0.0,0.0,0.0,,0.2147,
CX-3522,Vendor invite workflow is restricted by Services permissions,rameshpr,2026-06-11T13:48:40.256+0530,2026-06-16T12:33:49.924+0530,VendorRegistration,,8d099d3b0370f3fdf6852b8dec10ab1761331926,Connexus-inc/connexus-web-api,2026-01-19T12:59:01+05:30,Varun Wilson,fix: permission removed for property insurance module,0.4236,5,0.0,0.0,0.0,0.0,,0.2118,
CX-3522,Vendor invite workflow is restricted by Services permissions,rameshpr,2026-06-11T13:48:40.256+0530,2026-06-16T12:33:49.924+0530,VendorRegistration,,4c1ad9e2edce3f152daad40391dfbe19465e3b9c,Connexus-inc/connexus-web-api,2026-01-19T12:59:01+05:30,Varun Wilson,fix: permission removed for property insurance module,0.4236,6,0.0,0.0,0.0,0.0,,0.2118,
CX-3522,Vendor invite workflow is restricted by Services permissions,rameshpr,2026-06-11T13:48:40.256+0530,2026-06-16T12:33:49.924+0530,VendorRegistration,,a553612c171f3b6c7d212269af4abf352016a104,Connexus-inc/connexus-web-api,2026-06-02T15:13:42+05:30,basimneoito,Merge pull request #2036 from Connexus-inc/fix-vendor-invite-restriction,0.4219,7,0.0,0.0,0.0,0.0,,0.211,
CX-3522,Vendor invite workflow is restricted by Services permissions,rameshpr,2026-06-11T13:48:40.256+0530,2026-06-16T12:33:49.924+0530,VendorRegistration,,8b63815f6cbb319e8136b102dc18bd6bb99d8fcd,Connexus-inc/connexus-web-api,2026-04-21T13:31:13+05:30,Raoof,feat: add README for Ability Library detailing authorization architecture and usage,0.4121,8,0.0,0.0,0.0,0.0,,0.2061,
CX-3523,Vendor registration fails with phone extension validation error,Rakhesh J,2026-06-11T19:43:10.768+0530,2026-06-15T19:14:59.584+0530,VendorRegistration,,959a6f32854a828ded41197b640bb3b472c893c7,Connexus-inc/connexus-web-client,2026-06-11T21:03:13+05:30,rakhesh.j,feat(venor-compliance): phone extension error fix,0.5279,1,0.85,1.0,0.75,0.84,strong,0.6839,TRUE
CX-3523,Vendor registration fails with phone extension validation error,Rakhesh J,2026-06-11T19:43:10.768+0530,2026-06-15T19:14:59.584+0530,VendorRegistration,,ed7acff2a718942bf7041dfcca31b48d7dff1dd4,Connexus-inc/connexus-web-client,2026-06-11T21:05:54+05:30,Rakhesh-NeoITO,Merge pull request #2167 from Connexus-inc/feat/vendor-confirm-page,0.4822,3,0.85,1.0,0.6,0.81,strong,0.6461,TRUE
CX-3523,Vendor registration fails with phone extension validation error,Rakhesh J,2026-06-11T19:43:10.768+0530,2026-06-15T19:14:59.584+0530,VendorRegistration,,659d7181e9b6ca726256a3082b86b5ff212e1cc7,Connexus-inc/connexus-web-client,2026-06-15T14:38:59+05:30,rakhesh.j,fix(venor-compliance): phone extension edit bug fix,0.4798,5,0.85,1.0,0.6,0.81,strong,0.6449,TRUE
CX-3523,Vendor registration fails with phone extension validation error,Rakhesh J,2026-06-11T19:43:10.768+0530,2026-06-15T19:14:59.584+0530,VendorRegistration,,64c6afecee3876791097baa651cf62655d65b5f7,Connexus-inc/connexus-web-api,2026-04-29T12:04:23+05:30,basimneoito,Merge pull request #1914 from Connexus-inc/ajay/fix/phone-update,0.4884,2,0.0,0.0,0.0,0.0,,0.2442,
CX-3523,Vendor registration fails with phone extension validation error,Rakhesh J,2026-06-11T19:43:10.768+0530,2026-06-15T19:14:59.584+0530,VendorRegistration,,1026a21555b0a2e20942672bee9431d05f47b7c1,Connexus-inc/connexus-web-client,2026-06-10T15:24:11+05:30,rakhesh.j,feat(venor-compliance): phone number auto populate issue fix,0.481,4,0.0,0.0,0.0,0.0,,0.2405,
CX-3523,Vendor registration fails with phone extension validation error,Rakhesh J,2026-06-11T19:43:10.768+0530,2026-06-15T19:14:59.584+0530,VendorRegistration,,594947f253d0509b9189d7436800826f737c409b,Connexus-inc/connexus-web-client,2026-06-08T16:33:22+05:30,Ramesh P R,fix: phone number field update in invite vendor form,0.4778,6,0.0,0.0,0.0,0.0,,0.2389,
CX-3523,Vendor registration fails with phone extension validation error,Rakhesh J,2026-06-11T19:43:10.768+0530,2026-06-15T19:14:59.584+0530,VendorRegistration,,8ab40adf99389a0d5f6778a120f94eb5553ee4d5,Connexus-inc/connexus-web-client,2026-06-08T17:20:46+05:30,varunw92,Merge pull request #2146 from Connexus-inc/fix/vendor-invite-fixes,0.4756,7,0.0,0.0,0.0,0.0,,0.2378,
CX-3523,Vendor registration fails with phone extension validation error,Rakhesh J,2026-06-11T19:43:10.768+0530,2026-06-15T19:14:59.584+0530,VendorRegistration,,83f16e7993ec128d5f611a4f6cf905269290f121,Connexus-inc/connexus-web-api,2026-05-29T13:36:14+05:30,ajaydev,fix: email resend invite page update,0.4723,8,0.0,0.0,0.0,0.0,,0.2361,
CX-3525,Phone EXT field does not allow updating the existing value by selecting and typing a new value,Rakhesh J,2026-06-15T09:35:28.662+0530,2026-06-15T18:50:24.923+0530,VendotInvite,,1026a21555b0a2e20942672bee9431d05f47b7c1,Connexus-inc/connexus-web-client,2026-06-10T15:24:11+05:30,rakhesh.j,feat(venor-compliance): phone number auto populate issue fix,0.486,2,0.85,1.0,0.25,0.74,moderate,0.613,TRUE
CX-3525,Phone EXT field does not allow updating the existing value by selecting and typing a new value,Rakhesh J,2026-06-15T09:35:28.662+0530,2026-06-15T18:50:24.923+0530,VendotInvite,,594947f253d0509b9189d7436800826f737c409b,Connexus-inc/connexus-web-client,2026-06-08T16:33:22+05:30,Ramesh P R,fix: phone number field update in invite vendor form,0.4949,1,0.0,0.0,0.0,0.0,,0.2475,
CX-3525,Phone EXT field does not allow updating the existing value by selecting and typing a new value,Rakhesh J,2026-06-15T09:35:28.662+0530,2026-06-15T18:50:24.923+0530,VendotInvite,,8ab40adf99389a0d5f6778a120f94eb5553ee4d5,Connexus-inc/connexus-web-client,2026-06-08T17:20:46+05:30,varunw92,Merge pull request #2146 from Connexus-inc/fix/vendor-invite-fixes,0.4824,3,0.0,0.0,0.0,0.0,,0.2412,
CX-3525,Phone EXT field does not allow updating the existing value by selecting and typing a new value,Rakhesh J,2026-06-15T09:35:28.662+0530,2026-06-15T18:50:24.923+0530,VendotInvite,,64c6afecee3876791097baa651cf62655d65b5f7,Connexus-inc/connexus-web-api,2026-04-29T12:04:23+05:30,basimneoito,Merge pull request #1914 from Connexus-inc/ajay/fix/phone-update,0.4733,4,0.0,0.0,0.0,0.0,,0.2366,
CX-3525,Phone EXT field does not allow updating the existing value by selecting and typing a new value,Rakhesh J,2026-06-15T09:35:28.662+0530,2026-06-15T18:50:24.923+0530,VendotInvite,,0977970c572deddd8086b0edc801320742793649,Connexus-inc/connexus-web-client,2026-01-22T19:14:16+05:00,Tariq Shah,fix(cx2599): made address and phone mandartory on forms,0.4512,5,0.0,0.0,0.0,0.0,,0.2256,
CX-3525,Phone EXT field does not allow updating the existing value by selecting and typing a new value,Rakhesh J,2026-06-15T09:35:28.662+0530,2026-06-15T18:50:24.923+0530,VendotInvite,,03d200433a5f5f32bf27bb65e5ee5db08cabd753,Connexus-inc/connexus-web-client,2026-05-06T15:42:02+05:30,Ramesh P R,fix: refactored the vendor and sso-vendor registration,0.4393,6,0.0,0.0,0.0,0.0,,0.2197,
CX-3525,Phone EXT field does not allow updating the existing value by selecting and typing a new value,Rakhesh J,2026-06-15T09:35:28.662+0530,2026-06-15T18:50:24.923+0530,VendotInvite,,60496da22501e3d7d47937df367d87174dc6900b,Connexus-inc/connexus-web-client,2026-06-01T17:45:07+05:30,Ramesh P R,fix: bug fixes,0.432,7,0.0,0.0,0.0,0.0,,0.216,
CX-3525,Phone EXT field does not allow updating the existing value by selecting and typing a new value,Rakhesh J,2026-06-15T09:35:28.662+0530,2026-06-15T18:50:24.923+0530,VendotInvite,,0ae568dbdc7f2b263e7b736f5853393622bfd516,Connexus-inc/connexus-web-client,2026-06-15T14:50:50+05:30,varunw92,Merge pull request #2174 from Connexus-inc/feat/vendor-confirm-page,0.4229,8,0.0,0.0,0.0,0.0,,0.2114,
CX-3528,City field is not auto-populated when SSN Verification Retry page is opened from email link,Vysakh R J,2026-06-15T19:48:34.765+0530,2026-06-17T10:14:47.351+0530,VendotInvite,,2662cb70abe672bdabb17baab3bcb309975f077f,Connexus-inc/connexus-web-api,2026-06-16T10:33:52+05:30,Vysakh R J,fix: city not populating on status api,0.5453,1,1.0,1.0,0.25,0.8,moderate,0.6726,TRUE
CX-3528,City field is not auto-populated when SSN Verification Retry page is opened from email link,Vysakh R J,2026-06-15T19:48:34.765+0530,2026-06-17T10:14:47.351+0530,VendotInvite,,94b90ac5e6ba553ec176bee8d471951fb3ad590c,Connexus-inc/connexus-web-api,2026-06-16T11:18:59+05:30,Vysakh R J,fix: city not populating on status api,0.5174,2,1.0,1.0,0.25,0.8,moderate,0.6587,TRUE
CX-3528,City field is not auto-populated when SSN Verification Retry page is opened from email link,Vysakh R J,2026-06-15T19:48:34.765+0530,2026-06-17T10:14:47.351+0530,VendotInvite,,65971139021890fad7f4161e41903cc56b297f90,Connexus-inc/connexus-web-client,2026-05-26T23:57:26+05:30,rakhesh.j,feat(venor-compliance): vendor compliance verification pages ui - api integration pending,0.4576,3,0.0,0.0,0.0,0.0,,0.2288,
CX-3528,City field is not auto-populated when SSN Verification Retry page is opened from email link,Vysakh R J,2026-06-15T19:48:34.765+0530,2026-06-17T10:14:47.351+0530,VendotInvite,,e86fbad7463096ca7d3715f30256b6adf8da801f,Connexus-inc/connexus-web-api,2026-02-12T15:20:16+05:30,basimneoito,Merge pull request #1595 from Connexus-inc/client-module-bug-fixes,0.4567,4,0.0,0.0,0.0,0.0,,0.2284,
CX-3528,City field is not auto-populated when SSN Verification Retry page is opened from email link,Vysakh R J,2026-06-15T19:48:34.765+0530,2026-06-17T10:14:47.351+0530,VendotInvite,,fdd381e5a204f80d34ab1aeb7dcaa0492fbb5f3f,Connexus-inc/connexus-web-api,2026-02-12T15:18:51+05:30,Raoof,"feat: extend user properties filter to include state, city, and country IDs",0.4509,5,0.0,0.0,0.0,0.0,,0.2255,
CX-3528,City field is not auto-populated when SSN Verification Retry page is opened from email link,Vysakh R J,2026-06-15T19:48:34.765+0530,2026-06-17T10:14:47.351+0530,VendotInvite,,b308f4e9dc07a12d69eef8f17e17ce29f6c362e8,Connexus-inc/connexus-web-api,2026-06-30T14:32:14+05:30,Vysakh R J,feat: improved property based query,0.4338,6,0.0,0.0,0.0,0.0,,0.2169,
CX-3528,City field is not auto-populated when SSN Verification Retry page is opened from email link,Vysakh R J,2026-06-15T19:48:34.765+0530,2026-06-17T10:14:47.351+0530,VendotInvite,,4bf676d77586d2ac90459b6a7cd4dab5a88e7f85,Connexus-inc/connexus-web-client,2026-05-28T00:43:33+05:30,rakhesh.j,feat(venor-compliance): vendor verification api integrations added dev test pending,0.4226,7,0.0,0.0,0.0,0.0,,0.2113,
CX-3528,City field is not auto-populated when SSN Verification Retry page is opened from email link,Vysakh R J,2026-06-15T19:48:34.765+0530,2026-06-17T10:14:47.351+0530,VendotInvite,,3fd22686a5a02751c1f3f10bd06b5a3c4608aa61,Connexus-inc/connexus-web-client,2026-06-09T16:55:32+05:30,rakhesh.j,feat(venor-compliance): retry exceeded info added in failed card,0.4193,8,0.0,0.0,0.0,0.0,,0.2096,
CX-3533,Previously Verified Vendors Are Incorrectly Shown a Verification Failure Screen on Reopening the Verification Link,ajay.dev,2026-06-16T13:05:01.004+0530,2026-06-17T10:20:17.233+0530,,,0cb73147ce0258a3839efbe225018eb36daf0343,Connexus-inc/connexus-web-api,2026-05-29T13:37:47+05:30,AJAY DEV,Merge pull request #2022 from Connexus-inc/ajay/fix/vendor-retry-invite-reuse,0.5378,3,0.85,0.85,0.0,0.637,moderate,0.5874,TRUE
CX-3533,Previously Verified Vendors Are Incorrectly Shown a Verification Failure Screen on Reopening the Verification Link,ajay.dev,2026-06-16T13:05:01.004+0530,2026-06-17T10:20:17.233+0530,,,edd30b04be268faaf6e7dd8aa673f6b4fb64f056,Connexus-inc/connexus-web-client,2026-06-10T12:58:34+05:30,rakhesh.j,feat(venor-compliance): retry form added for tax id failed also,0.5495,1,0.0,0.0,0.0,0.0,,0.2748,
CX-3533,Previously Verified Vendors Are Incorrectly Shown a Verification Failure Screen on Reopening the Verification Link,ajay.dev,2026-06-16T13:05:01.004+0530,2026-06-17T10:20:17.233+0530,,,cf5ba88c0e522e89e377356b0f6880124c5565ee,Connexus-inc/connexus-web-api,2026-05-29T14:11:05+05:30,ajaydev,fix: other business fail,0.5421,2,0.0,0.0,0.0,0.0,,0.271,
CX-3533,Previously Verified Vendors Are Incorrectly Shown a Verification Failure Screen on Reopening the Verification Link,ajay.dev,2026-06-16T13:05:01.004+0530,2026-06-17T10:20:17.233+0530,,,65971139021890fad7f4161e41903cc56b297f90,Connexus-inc/connexus-web-client,2026-05-26T23:57:26+05:30,rakhesh.j,feat(venor-compliance): vendor compliance verification pages ui - api integration pending,0.4964,4,0.0,0.0,0.0,0.0,,0.2482,
CX-3533,Previously Verified Vendors Are Incorrectly Shown a Verification Failure Screen on Reopening the Verification Link,ajay.dev,2026-06-16T13:05:01.004+0530,2026-06-17T10:20:17.233+0530,,,1e38e7aef1c8b1079de0e25cb0fd16bbac05070b,Connexus-inc/connexus-web-client,2026-06-15T12:05:12+05:30,varunw92,Merge pull request #2173 from Connexus-inc/fix/vendor-invite-fixes,0.4918,5,0.0,0.0,0.0,0.0,,0.2459,
CX-3533,Previously Verified Vendors Are Incorrectly Shown a Verification Failure Screen on Reopening the Verification Link,ajay.dev,2026-06-16T13:05:01.004+0530,2026-06-17T10:20:17.233+0530,,,d0ff603112d98521900981e1afe6bf4b911fe256,Connexus-inc/connexus-web-client,2026-06-19T14:28:32+05:30,varunw92,Merge pull request #2180 from Connexus-inc/fix/update-business-verified,0.4839,6,0.0,0.0,0.0,0.0,,0.242,
CX-3533,Previously Verified Vendors Are Incorrectly Shown a Verification Failure Screen on Reopening the Verification Link,ajay.dev,2026-06-16T13:05:01.004+0530,2026-06-17T10:20:17.233+0530,,,83f16e7993ec128d5f611a4f6cf905269290f121,Connexus-inc/connexus-web-api,2026-05-29T13:36:14+05:30,ajaydev,fix: email resend invite page update,0.4829,7,0.0,0.0,0.0,0.0,,0.2414,
CX-3533,Previously Verified Vendors Are Incorrectly Shown a Verification Failure Screen on Reopening the Verification Link,ajay.dev,2026-06-16T13:05:01.004+0530,2026-06-17T10:20:17.233+0530,,,ef809af3ee3dbaf28d710a1be753f35e0cb8bc25,Connexus-inc/connexus-web-api,2026-05-29T14:12:38+05:30,AJAY DEV,Merge pull request #2023 from Connexus-inc/ajay/fix/vendor-verify-other,0.4773,8,0.0,0.0,0.0,0.0,,0.2386,
